Source,RegionID,SizeRank,RegionName,RegionType,StateName,State,Metro,CountyName,2018-10-31,2018-11-30,2018-12-31,2019-01-31,2019-02-28,2019-03-31,2019-04-30,2019-05-31,2019-06-30,2019-07-31,2019-08-31,2019-09-30,2019-10-31,2019-11-30,2019-12-31,2020-01-31,2020-02-29,2020-03-31,2020-04-30,2020-05-31,2020-06-30,2020-07-31,2020-08-31,2020-09-30,2020-10-31,2020-11-30,2020-12-31,2021-01-31,2021-02-28,2021-03-31,2021-04-30,2021-05-31,2021-06-30,2021-07-31,2021-08-31,2021-09-30,2021-10-31,2021-11-30,2021-12-31,2022-01-31,2022-02-28,2022-03-31,2022-04-30,2022-05-31,2022-06-30,2022-07-31,2022-08-31,2022-09-30,2022-10-31,2022-11-30,2022-12-31,2023-01-31,2023-02-28,2023-03-31,2023-04-30,2023-05-31,2023-06-30,2023-07-31,2023-08-31,2023-09-30
1 Bedroom,6181,0,New York,city,NY,NY,"New York-Newark-Jersey City, NY-NJ-PA",Queens County,555760.0829289443,553970.6558178318,551850.5335623242,552769.2360772023,553754.844574432,556383.6524883398,558549.4313443806,561521.8213095845,563894.4852480226,566217.8632535273,566101.8679847289,565044.6329313127,562577.7130978209,561100.757602083,560435.6466482164,561267.8568634283,561823.2510470295,561928.6760986204,560625.5897444594,559667.849556889,558053.752141547,555372.2936849738,550134.7836605198,544003.4027754419,538868.8280923278,536152.8543584025,535547.9777507153,535368.6093082558,535371.8370678324,535585.9597167728,535682.0889767766,536691.0515610072,537445.5765217716,538998.5975337579,540621.2710839038,542762.4611412451,546479.6855053742,551202.2682400765,555608.7801159577,558645.3209679672,561340.3159256751,564564.1288905962,567580.191501324,569336.4643185892,572246.8091189071,574858.5188592902,576860.6145898419,575617.5447910482,573915.9866873055,572408.6784648588,571455.329182596,572840.9552266983,573455.7236101486,573284.0802150512,571559.7776080876,570712.0391182359,571310.7771551897,571357.9777874605,570371.560397213,568967.3659408051
1 Bedroom,12447,1,Los Angeles,city,CA,CA,"Los Angeles-Long Beach-Anaheim, CA",Los Angeles County,514219.0848520872,521089.12075187446,525244.8923391841,524025.0978735884,517584.55461539305,508524.2357662977,500399.3653590477,495096.166238948,491546.94124526624,492187.2929924659,496071.8400282234,501959.7275330323,507165.684853245,511517.35125877854,516319.5649109966,519542.1265513787,520962.39532715146,520306.0753554436,519120.3510401198,516620.7529190891,512978.32752857526,511741.3669427396,514728.53756939527,521604.2153048288,529222.2650972939,537379.6407963139,544841.6264786782,547743.7340817255,546677.9432445318,543155.1055780181,542361.3864546594,543582.9059912461,546829.7730014917,552986.234584462,560166.8737818993,566794.8353624297,572383.5044260571,578164.535301153,585043.4088607848,589062.0590120074,589930.3714944635,589025.8296843971,588046.5350122795,589357.2450537403,590515.4843988694,593210.2019908889,593899.6371741514,594369.3473000131,594212.2554743948,595385.52146472,596377.7971937289,593991.2697058249,588096.4533280886,580708.083189607,575759.9049039833,573432.9359989386,573523.9636922003,576263.0953487426,581282.7514454641,587382.1461691922
1 Bedroom,39051,2,Houston,city,TX,TX,"Houston-The Woodlands-Sugar Land, TX",Harris County,98022.18142045884,98198.31715031974,98682.61950122332,99384.9662268337,100105.88965720106,100631.84734362816,100775.45718453312,100950.25409929572,101074.07063819414,101080.84046204825,100967.19756517456,100912.66078721022,101219.21057626411,101794.92018929328,102436.93055039074,103040.43579098897,103587.35921976696,104099.49230113988,104536.79283184382,104650.5207940352,104525.90290487476,104190.63623948843,104162.94890526588,104419.80645113467,104974.67846294076,105778.18078634096,106487.93624985278,106965.04408206214,107185.38326978462,107549.51726551498,108174.17893583536,109110.70958826768,110254.7533854173,111239.68015663896,111844.80108189168,112160.78892652829,112712.6670574469,113488.20708449506,114474.50243491078,115843.8578586112,117206.49239255406,118768.20765792322,120187.46423402424,121729.49000757564,123262.68354807566,124295.93064757792,125049.66544183972,125498.33856365675,126167.59067324654,126994.94434031012,127708.97590654866,128269.33578459168,128657.79367775976,128942.55113460384,129119.52528269716,129177.92019358564,129259.0611098621,129396.55659010125,129714.97772896643,129954.67036231456
1 Bedroom,17426,3,Chicago,city,IL,IL,"Chicago-Naperville-Elgin, IL-IN-WI",Cook County,219703.251357508,219457.5029918882,219080.55342071256,219042.35021037303,219639.944322142,220016.71568717915,220045.71051375408,219728.5325398756,219303.5358469844,218721.6670215119,218023.02752296728,217044.07616377124,216738.9892164273,216806.14140467264,217506.67424132425,218174.66230427552,219015.6311210364,219742.5239327035,219948.52391963569,219591.44079892672,218940.20922998924,218334.6003747055,218407.6481725342,219033.19806989084,219777.63184648368,220539.41339286373,221242.00032474025,222010.51442488536,222659.2552900543,223361.24654211104,223893.79132599608,224041.8409108469,224055.78577058457,224547.04306485297,225018.68846418348,224852.32578654384,224502.20940706253,224537.65094217265,225476.6471890835,226402.5651852216,227970.9293666444,229949.754830898,232401.2707131976,233240.7185926264,233158.24747551023,232037.0273373218,231185.34464106968,230426.3021084796,229960.865758774,230166.4665761144,230407.3044268585,230471.82497502453,230316.3133825489,230707.9053845256,232008.2699690067,233984.42866238777,236050.4392041948,237911.18881496243,239834.41601789137,241718.4683598675
1 Bedroom,40326,6,Phoenix,city,AZ,AZ,"Phoenix-Mesa-Chandler, AZ",Maricopa County,137509.39816215922,138778.36579398662,140092.12541857033,141604.97418619003,142901.32881641327,143774.84081572926,144340.30429015044,144687.93481159335,145097.33532355397,145433.3841063344,145933.52155559516,146505.6178984273,147427.51165075772,148753.3832031103,150283.20552209197,152853.7230263057,156213.16196194923,160153.86533935904,163407.4695222878,165587.2239745988,166180.6151032668,165910.77059651283,165586.4763402604,166379.17480385452,168034.96469278474,170455.85944829203,173254.64757835105,175848.16373568986,178033.1056299213,180717.58599422293,184354.7693641008,189272.5657033615,195284.3277328637,201630.1522420412,207611.12781379008,212100.6710115675,216046.9129505017,219862.78115628823,224116.0182684379,229033.1924153361,235146.6459666101,242446.3060401005,250295.12233845005,257760.4547048577,264601.6587250044,268934.38962827943,270417.8332342887,268885.1830881313,266511.8865935512,263869.0813980555,261144.84732189067,257561.58695829567,254005.5491378114,251172.7506559968,249899.32557443285,249209.7610461996,249341.57743381217,250280.7401004159,252348.30695995816,254736.59895496085
1 Bedroom,18959,7,Las Vegas,city,NV,NV,"Las Vegas-Henderson-Paradise, NV",Clark County,132744.08437005468,134166.18978104318,135375.5933384772,136238.01769994324,136731.46009407393,136588.62406944085,136563.7073969233,136487.29302555797,136799.27681299552,136812.28929168143,136642.91967833354,136265.26323203053,135886.0333808825,135743.57206979915,135758.57417578602,137476.89618087848,140400.73453561837,143736.5434048327,146024.22196351478,146764.0136183129,145639.78566707807,143024.16102410495,140219.00719877472,138517.55627301123,137712.0859655595,137721.68641726498,138227.17492114563,138767.0339120685,139093.44414260492,139766.0662069256,140918.42524998437,142977.62614661056,146102.56386524308,150458.7798672353,155390.7647548522,159978.9653812776,164081.577043679,168025.44553243282,171769.40848895078,175534.70106758736,179497.3204347669,184497.5262789605,190473.174272103,196548.05555719472,202678.2298507965,207466.22024481287,210263.48475133977,210224.90428414888,208376.80435670365,205732.8172854664,202650.68146848737,199234.4811912559,196313.10588299195,194118.3753094651,192769.17730895907,191924.8546769962,191867.1166040866,192642.44003230857,193972.84396005687,195122.2454286324
1 Bedroom,38128,9,Dallas,city,TX,TX,"Dallas-Fort Worth-Arlington, TX",Dallas County,122621.9253709715,123078.48662299158,123810.371975812,124773.91611886,125549.51012295554,125852.0126635069,125568.0069593144,125219.8329312786,125042.70224503455,125290.79646144265,125514.03708500236,125663.89591655378,125788.38517208902,126190.93626481814,126838.2082465639,127915.94592553376,129050.92676602791,129880.38746292944,130056.98992999812,129598.91649599152,128922.46808749127,128492.0111708134,128595.95622858056,129117.83172699876,129836.45837431756,130899.51814643556,132043.90292591034,132999.5626720765,133821.6518707193,134809.4870690961,136054.28630654575,137313.37502220907,138416.2585621158,139194.0781648877,139685.55493084528,140112.60339249624,140796.89318808456,141827.77211133405,143243.50998768813,145622.47803871552,148678.19203562647,152241.91238589352,156033.03554465904,159937.49299997312,163517.87321742563,165818.5103966983,166793.866851036,166800.33704108186,167054.2203436581,167614.96990630656,168454.4477532123,168881.94370327296,169001.7601098914,169001.10044680847,168927.50293982148,168837.47083621452,169136.26266471975,169841.05222513646,171138.8717980068,172165.27568612987
1 Bedroom,20330,17,San Francisco,city,CA,CA,"San Francisco-Oakland-Berkeley, CA",San Francisco County,871604.6601526247,874026.9354822012,874903.0050562673,874118.0851675193,870340.1660963289,865646.1703323774,862795.7347918785,862829.386052509,864976.9719932933,868562.6045956998,872321.4197505697,875131.020700812,877312.1263602637,879699.492948868,883295.1124542906,885807.7346638268,885917.1791837262,884293.8027859844,882293.9800505306,879338.1171608305,874485.709811475,868984.7138899966,865262.9118055146,862767.2588460565,860131.4232982962,857284.5381092647,853706.8005213263,849733.4607298593,844022.69369542,838812.5206223112,834365.3521682224,833867.7056473509,835515.9767045319,840063.2826447602,844186.2658193093,848021.0738165224,851869.72926688,858501.4221609524,865668.4771902533,870647.7414674195,873011.5728461398,874939.5085928148,875690.2046633962,873684.9573226803,867268.6677707768,857440.3221274647,844030.3408300458,828378.8449772164,814062.188224467,802359.420745864,792302.7863819901,782215.6747788262,773160.1371997162,766964.5563518953,763411.1298855133,761205.6354444787,760347.7221235969,760576.6128034863,761268.2803583922,761053.9548006668
1 Bedroom,12700,20,Miami,city,FL,FL,"Miami-Fort Lauderdale-Pompano Beach, FL",Miami-Dade County,255323.7960421513,255537.10757600225,256187.41665615496,256543.17639379072,256967.90868544168,256577.20242019635,255936.71802157,254901.3893877304,253986.89015836152,253308.86029953684,252762.3986532621,252418.9650158285,252318.96580838025,252638.87454117936,253667.88332504607,255511.6289734271,257438.6692313456,259089.7295113516,259451.12258436545,258880.1817789901,257674.56345951447,256630.6911069184,256345.77920616907,256692.10394703667,257877.0275313001,259650.6070339112,261580.16131502693,262693.37541919894,263249.26836885395,264212.6943329885,266080.52298241534,269000.3735513537,272388.3440360032,276001.8313762433,279561.0376024155,283140.40208931355,287373.8356094246,292840.30162413366,299384.7849126863,307429.6567283044,316854.22643770755,327724.96447328484,339321.63872475864,350361.0336256367,360922.1502084145,369389.94398828456,375502.172191908,379110.9980946877,382087.3105501616,385082.9496000279,387882.7878570458,389300.9487990948,389452.2016609656,389872.7904002859,391342.9425670055,393830.82254717546,396470.9833302784,398772.54772399046,401084.3163202252,403223.8908415319
1 Bedroom,11093,23,Denver,city,CO,CO,"Denver-Aurora-Lakewood, CO",Denver County,278836.28773834306,279446.4614365325,280229.9969573177,281048.1641300405,281709.2257945062,281928.4475584052,281912.7873485978,282174.876886419,282324.1451096637,282350.4188969559,281912.1242798755,281529.1527714468,281252.210156038,281409.33480572066,281773.7553723309,283392.1264904375,286087.69887071283,289846.6735789321,292839.41839600465,293917.572945646,292569.5904633307,290271.682123461,288640.2504206416,288319.2033040518,288835.65418768645,289869.16641088616,291180.9911845525,292233.9743052402,293308.46051480825,295233.6598862324,298210.93542479695,301902.9667978708,306011.23988970014,309960.87521849206,313091.1472402401,315113.61578778684,316771.14473646187,318742.7728540074,321077.8555992003,324068.43069169414,327732.96165637585,332449.7034200031,337600.7978175301,342448.159860767,346172.9883620897,347864.533404083,347670.1996776017,346094.0373279639,344435.7304180455,343309.41250286234,342170.8101081135,341063.3728092672,339600.29699049843,338292.9996951261,337081.25076399284,336446.3627835437,336391.00045100576,336768.0855450553,337272.0734489111,337641.11002440524
1 Bedroom,16037,24,Seattle,city,WA,WA,"Seattle-Tacoma-Bellevue, WA",King County,478395.9008098338,475081.34693571227,471923.1994759916,468607.3425610196,464571.0324461172,461174.631738236,458539.8375306932,457380.56045784446,455999.289658452,453930.5252528426,451290.1021022902,448542.9808395806,446524.1096400062,445332.70777917054,445491.1221956298,446416.01704136486,448020.23199845,450291.4762273435,452629.21913146094,453445.4200187539,452653.09914624575,451431.7226345658,451167.2509726708,452119.1044411878,453022.4950801364,454293.9271128678,454807.6234926626,454595.6034583869,453608.44749223744,452376.79904992407,451827.4420681393,451297.2414249776,450835.7291224768,450971.9278695732,451484.8976131035,452551.0120496918,454689.612055413,458325.1285701609,463314.0535498988,468663.5022155968,474104.4305161567,480416.92894678266,486976.4738750067,492164.6615731639,493638.864316369,490806.4145788459,485465.7743089883,479684.3885992265,475811.6454940571,473882.4695761627,472263.5734802462,470437.4857010467,468109.3080465463,465685.3463012479,462972.7461682979,460531.1084098485,458799.9488491844,457309.8238132656,456593.7853556821,456452.6844889379
1 Bedroom,44269,29,Boston,city,MA,MA,"Boston-Cambridge-Newton, MA-NH",Suffolk County,572008.9655484197,572804.582953038,573637.0088369071,574158.4636963991,573584.3719685782,572878.0061438569,572840.5186155175,573313.0053084489,574150.1694857161,574524.7578708864,573944.2423989507,572655.1914203855,572045.3683587793,572279.4108812233,572219.4689400495,574230.8371243784,577105.1670474279,580196.0704129097,580893.5333195681,581321.7687434759,581116.79627687,580507.7984225822,579108.7227435323,578814.1223557888,578869.5266651107,579779.3212949125,580870.739334044,580821.4460226431,579976.5878366666,578137.3202577883,576804.4064236548,575854.8053031223,575911.9570668181,577978.0199227044,581513.7235988992,584323.0193056805,586318.9845301221,588643.0906588347,591698.1528360476,593878.9163403864,595811.4528809846,598275.2172457821,601354.9236279823,603779.3002216757,604945.8968073777,603989.2206105132,600792.2793622133,595910.4244605304,592045.2001100562,589995.5155538353,589370.7512091282,588923.1595048996,587387.2089342335,585655.1605230522,584978.1839048612,586076.5038320661,588245.2616000025,590345.3718308044,592073.4638026392,592962.1106391089
1 Bedroom,37211,37,Atlanta,city,GA,GA,"Atlanta-Sandy Springs-Alpharetta, GA",Fulton County,210703.4060982756,212813.1512303116,215351.0130151154,217516.40869701843,219579.47595123545,220929.9045456113,221482.3972121357,221567.41577356152,220881.7654325551,220736.3844238761,221138.8814116236,221593.18532822296,221730.8914472664,222001.17998358232,223009.7569378201,225158.2328440382,227029.17512306417,228498.67146762912,228607.41996581425,228079.6534082292,227138.0691749912,226566.8493340547,226416.3156935933,227013.01219960416,227827.18886606992,229134.2686649484,230439.52263171508,231521.9417047461,233110.9556837463,235311.5166450489,237706.12221986832,239333.07148671,240521.92841854048,241752.07676189044,243110.64712207043,244452.67149466145,246010.2693764541,247599.9600878929,249615.74937339,252290.14302536825,255184.96847901776,257668.9445903236,260274.2990090599,262778.91002852167,265556.9969651688,267614.4983760831,268724.3712601441,269753.64764297387,270827.2092806752,272602.38838372304,273959.4132972328,274807.8521750641,275054.41135972505,275185.08276274794,275214.65455083264,275583.4133603292,275886.0478381388,276529.30339487054,278035.0980237666,279784.0564276211
1 Bedroom,5983,53,Minneapolis,city,MN,MN,"Minneapolis-St. Paul-Bloomington, MN-WI",Hennepin County,196033.1254218499,196270.7969552308,197030.29235814183,198634.96710993155,200535.78164505304,202421.60013419832,203481.54810491053,203391.9338663443,202644.61463074244,201400.62285173,200609.39773147483,199858.957497682,199565.5217303504,199775.0489828627,200747.1218443873,202410.87507521964,204057.00105766088,205832.28458891925,207251.2826490579,207664.94904556323,205914.9873680903,202850.14215375224,199949.81493225307,198730.79721176604,199034.7936239195,200116.16906368165,201170.7622719085,201926.269705188,202620.93783389023,203585.6943713117,204936.57815101635,206157.53135512103,207083.7569264667,206970.7986181957,205993.57087660013,204272.0315933177,202420.040918289,200918.9848648336,199628.4851200827,198903.0374199752,198570.0013671906,198363.76586346808,198439.50011634457,198289.6677651216,198541.9664364865,198015.6096539081,197286.5064442269,196288.9688641425,195824.8111214316,195576.08207386173,194794.9038963577,193929.66535209867,193028.57716201447,192349.81929447936,191484.61842338773,190659.8153190882,190387.7268702544,190450.68798827147,190879.7161855054,191168.04110291865
2 Bedroom,6181,0,New York,city,NY,NY,"New York-Newark-Jersey City, NY-NJ-PA",Queens County,700698.7977390974,700010.1976456214,698169.4631672775,697672.1030349527,695840.7791700758,695606.4623010134,696089.8380698216,697541.4298070397,699438.9827216747,701213.6134635359,701370.3917058246,700681.8659811172,699071.0245912225,698541.3425907925,698043.415605802,698223.7860283634,697871.3712229916,697641.2159585167,696678.0846789612,695690.3704273097,693565.2326626268,691832.3232668202,688437.1743929364,685006.1186907951,680720.0924160267,678501.5510494006,677459.3099406391,677367.4876284129,678417.4151797188,680702.8633828935,683028.3600108596,685890.7187054311,687788.3637824007,690298.9602755448,692422.3817952278,695602.335897601,701588.2594076303,709192.5688906662,715361.5530750771,717738.9998846779,718022.3498368552,719474.4580979627,722149.4574894736,724389.0472184663,727936.2079776083,729500.7109943473,729420.2066338509,724598.487103918,720318.0013794882,717750.1968553852,718495.3863518845,720484.1681945339,720958.8023057057,719995.5488976268,719777.766760971,721728.2331906053,725140.924570735,727349.8155576551,726497.1454793374,723617.9334710981
2 Bedroom,12447,1,Los Angeles,city,CA,CA,"Los Angeles-Long Beach-Anaheim, CA",Los Angeles County,600696.1869860791,608730.2044866453,613034.2193202424,610380.2657501558,601961.2095412795,591269.0865742321,582682.7082056784,577362.7991871984,573868.4450285439,574822.6360610219,580019.9144303295,588066.2049905305,595824.7427800841,602631.5291743398,609325.0811194117,613248.0906393401,614837.9985075102,614797.0914632833,614742.4434444372,612492.9515165273,608121.6596977526,607471.1672173863,612926.5352458798,624619.9641985195,637379.7579520579,650540.3414927569,662067.5368776423,667210.63524431,668471.8121721968,667141.0160731877,670573.7751442302,677208.618834491,685884.1639223841,696609.3982257097,706175.0102835096,715019.4617953757,721945.4350082999,728566.3078578208,735658.212548383,741919.7451684083,747757.1808971801,753524.1901673302,758928.7608715672,764507.8062051273,768021.8329570736,771388.5436446484,771151.4876791127,769584.5922307171,766693.1123875653,765962.9212174807,765459.7161445664,759611.267510235,749065.500149223,737427.4510957837,731358.8256837856,730627.7940428875,734014.3322326335,741765.5732472693,752700.0924754603,764177.5332154563
2 Bedroom,39051,2,Houston,city,TX,TX,"Houston-The Woodlands-Sugar Land, TX",Harris County,124706.43672644308,125661.89028792748,126615.04693981745,127476.21101108976,128237.60938012895,129002.56484574742,129486.60456720646,130169.84046676678,130699.02901779512,131229.94440950738,131635.28483720977,132213.036773346,133093.6813965939,134056.3516447299,134864.35601392263,135568.27678355254,136282.63189269372,137046.7712885988,137697.02277614255,137872.9576219416,137853.87920524494,137901.0451527902,138533.13518690184,139585.76796322802,141035.91693615817,142742.85264772398,144440.4362177512,145990.2706231511,147461.9979932818,149118.68962094854,150954.05295970678,153000.88772565514,155079.24896539826,156295.51757617542,156440.13572304673,155977.1504591181,156230.77561450753,157286.32967592348,158741.1458607623,161050.2820172103,163867.5592381629,167366.54225263922,170658.25029951788,173712.328771202,176355.2983083279,178314.6691915357,179478.59271195997,180257.20355860548,181013.51893426725,181958.64653525723,182298.90918103125,182007.39561743624,181439.63327849293,181210.9174712964,181334.8414709429,181701.8103041697,182243.698878662,182519.3130333019,182750.6646750628,182637.09088245072
2 Bedroom,17426,3,Chicago,city,IL,IL,"Chicago-Naperville-Elgin, IL-IN-WI",Cook County,236530.52822421884,236578.19483563013,236714.38430408537,237262.75060117609,238475.63231348625,239709.3595021364,240663.7031297593,240772.94846823192,240731.8155198689,240211.1377184163,239709.44986002697,238875.910793639,238583.2015623931,238795.6541658515,239574.25038913405,242133.95504777643,245103.99958969405,248203.2177427364,249288.13556247324,249195.59897963607,248120.44564187407,246909.40005294653,246531.54621945543,247649.3636602001,249714.51067090328,252467.40512603227,255079.82579945016,257782.84382398744,260972.7912330661,264430.18764581083,267398.20878395205,269206.5092627684,270421.90261801245,271593.04646671825,272382.33301203774,272245.8845102914,271841.0118523939,271615.3821320704,272348.3125168488,273360.30754035764,275488.8032653916,278461.8829960045,282042.9986750243,283884.47764232627,284533.1321232905,283501.7602182487,281891.88077286904,279590.32229254296,277870.7953159072,277270.9495244462,277295.10839153465,276888.8682974577,276836.4837488637,277757.8427144823,280079.5315252012,282620.7736096152,285015.3938495786,287311.5405865,289892.40433429513,292189.2034577154
2 Bedroom,40326,6,Phoenix,city,AZ,AZ,"Phoenix-Mesa-Chandler, AZ",Maricopa County,187163.0572007089,188455.02922576663,189764.58248462985,191207.98405743155,192516.49979749284,193456.31483440625,194065.21572365923,194306.45376398155,194604.6585522316,194893.52358006648,195496.8451111115,196306.71991873407,197594.41108237053,199350.9094864577,201328.12680570103,204222.01825463283,207866.1406035293,212079.1025013888,215512.4667994388,217675.7941908576,218370.4087021713,218622.0062576048,219249.5825313776,221372.47010746168,224437.96845088617,228282.6991109331,232309.75104871308,236289.65311544787,240360.90649787243,245129.8235366845,250722.2212729964,257472.0587220434,265233.3222194564,273241.0808901864,280626.9971295625,286493.7184116196,291708.4276371144,296678.0004941558,301726.3911159291,307298.79065747204,313873.7744572759,321894.22070173424,330663.7341650973,339319.0920768758,346876.7494265812,351158.0666785789,351300.41663080064,347655.4681542236,342889.2588743805,337830.7956593079,332917.7949266552,327631.9528263887,323078.3960775964,319975.2096081017,318757.22330335487,318655.07923914323,319534.42272206774,321187.9102618751,323666.0714139512,326060.91658824787
2 Bedroom,18959,7,Las Vegas,city,NV,NV,"Las Vegas-Henderson-Paradise, NV",Clark County,190230.31359441287,192405.19758922607,194175.3980283311,195512.6708098745,196598.5810141164,197207.8273572192,197738.67391228263,197830.8523353765,198238.96461154104,198485.5687102334,198700.18566857887,198502.32548137967,198281.8546697736,198316.863474093,198628.3718766244,200376.5568996331,202945.6482292149,205913.6762253938,208094.4559471448,209157.97945873693,208752.91524149704,207297.37277773893,205713.52323510783,205044.63649342643,205136.74805623828,206189.15532439228,207903.54836046,209773.1543893309,211605.3383006367,213794.17347550704,216484.59247930453,220274.27508401964,225352.0959806071,231315.4629489233,237086.1926595202,241843.49523815743,246101.47736477383,250570.0171353286,255156.07431786763,260580.73085071603,266871.7090052822,274582.5852595305,282824.4570739533,290728.35467206297,297727.5772641683,302447.1922155907,304049.2215772078,302466.2313492543,299103.2225605278,294955.4483032092,290640.67200681387,285937.61316793057,281841.7731201236,278622.1575427989,276875.7949260445,276033.4991405161,276196.1198469784,277144.1466645254,278938.58621853293,280774.9697093771
2 Bedroom,38128,9,Dallas,city,TX,TX,"Dallas-Fort Worth-Arlington, TX",Dallas County,162917.1914163734,163802.73096851294,164678.36178805158,165799.3177567244,166643.56702287417,167440.23731306018,167697.51404029154,167804.20688231385,167776.41890003273,167958.2528454703,168313.129064756,168736.50223587663,169383.85742967567,170312.734932216,171420.84785862666,173150.2105846421,174978.12927409486,176636.5263370735,177236.678972414,176794.71717950367,175915.7070714084,175463.68471221637,175958.72765859438,177266.43217285315,179051.7637252015,181293.1770403223,183752.00946111337,186446.6132722752,189557.7956351977,192983.09094908665,196352.9296075703,199231.2229352152,201719.79958116857,203192.3953833362,203677.8524953655,203614.6082203365,204022.1248134339,205301.66024634257,207211.39946898576,211151.8758330065,216541.5048107567,222995.28875144225,228906.91041146693,234099.80206613525,238393.262403563,241037.26806728684,241946.419861034,241779.48398467663,241874.36747840577,242070.23083616525,241864.62977744968,240839.38182704864,239448.2562757983,238724.5854682045,238510.0656377706,238866.5537879589,239434.32444946383,239951.5985033404,240956.11936953617,241563.39823909893
2 Bedroom,20330,17,San Francisco,city,CA,CA,"San Francisco-Oakland-Berkeley, CA",San Francisco County,1221097.6249165982,1223872.8103322012,1222574.6680783138,1217995.144114599,1208929.8949132692,1199872.7104066887,1194369.9367184814,1192327.340238045,1194542.1504967932,1199676.066397868,1206970.6097228376,1213601.1548238762,1218557.047185071,1223512.383292779,1228638.3021428578,1233183.532045901,1236202.5501596455,1240368.9557278163,1243482.15926633,1241250.636320115,1232077.194922427,1224241.6031833545,1223667.6409202898,1228062.6788378546,1231573.1824194768,1233539.621149388,1234041.343046324,1233051.5901868811,1231240.85913619,1231108.4220460718,1234123.3815659324,1242525.3913757422,1253666.082781262,1267013.9258848724,1276478.099227518,1282893.7705417424,1287954.1399834745,1296677.5202429974,1305760.105834574,1316000.382466151,1329770.0226677142,1347366.9595741292,1362217.6945222907,1368200.0712534636,1362832.9519609325,1347061.407029297,1321529.723471714,1291630.5797451574,1265591.5651678208,1245331.2152943008,1229808.625601354,1212350.1420408983,1196557.4557304825,1184051.830469006,1179258.5101763497,1177197.1891995105,1177327.8769606582,1178104.375643663,1180168.0970386837,1181742.0984296522
2 Bedroom,12700,20,Miami,city,FL,FL,"Miami-Fort Lauderdale-Pompano Beach, FL",Miami-Dade County,312467.9154468116,313288.1550244523,314611.0360910524,315779.0876610281,317129.94769382145,318030.84094472794,318456.1580291149,317749.59376380075,316719.23220396903,315967.35118480865,315734.5493618285,315918.4936102249,316577.0923154022,317893.430208804,319877.16569145024,322635.0805202969,325478.59456038056,328087.36445347965,329348.3853163936,328949.8319463688,327507.3916157157,326132.6921312639,326206.6418000896,327645.0511947953,330315.28595601313,333804.5232976591,337669.30077079247,341375.05588804325,344729.28665895347,348469.5769029075,352675.16540620633,357857.7229561396,363351.76167737873,368650.3048869209,373370.3224104362,377339.3389400456,381553.9763706152,386745.4753327011,393136.06784468726,402213.8722120899,413320.6029272032,427146.2243822293,440851.0117545624,453554.80289165885,464422.1644974432,473012.03029892896,478630.7457994297,481267.7018350231,483161.8570410794,485303.31671585847,487971.7933607456,489311.223824865,489646.4312436236,490737.1498758691,493328.4105416708,496912.60927117895,500820.5072984805,504653.5092087418,508939.2144959866,512786.0700427722
2 Bedroom,11093,23,Denver,city,CO,CO,"Denver-Aurora-Lakewood, CO",Denver County,362272.6205788053,363354.8118193999,364611.4658868714,365940.8690405002,367397.6240503164,368882.3036159568,370103.946243807,370909.012405288,371333.0414846222,371435.85846939305,371373.1525700343,371362.0736122133,371600.89023766463,372390.161557982,373330.6474209732,376040.8801297836,380277.7649133768,385929.29355222016,390827.69256612175,392897.5506678164,391788.7602495485,389395.97703015147,388098.2547385685,389637.6647912911,392774.5029696056,396698.7859057275,400359.6317019987,403318.9601079571,407069.3536806356,412354.70781804126,419263.4170184399,426703.4830377831,434047.24810156383,440030.2428135587,443689.6383866035,445156.4275580277,446589.19701165817,448957.23355698615,452529.6010639868,457903.2504822128,465617.0002382197,475540.4343391452,485494.3332244063,494199.6665940445,499472.1924837572,500076.5027079784,496264.4061970426,490639.4849801067,486257.3561903371,483412.7857566667,480960.35465326905,478140.67878784967,475187.00738468784,473051.7597385011,471965.8328945202,472029.2951360738,472986.973421571,474327.8555822513,475692.4722166119,476478.1202578273
2 Bedroom,16037,24,Seattle,city,WA,WA,"Seattle-Tacoma-Bellevue, WA",King County,633734.0892889157,628873.8606560341,624344.173394997,619365.1244633748,614855.6143991753,612213.6743937045,611004.5551429586,610160.5110069535,609086.6222897555,607182.8329423086,605314.8124263188,603262.3968899482,602642.1953459085,602998.0327675579,604781.1890284432,606254.8688083446,608295.144710193,611417.147703146,616099.2077169818,619014.2473539225,619804.5832592828,620487.8569651222,624116.205957303,631032.5898057626,637562.8422286035,643383.5951649487,646645.811243643,648955.761700108,651104.5081408756,654468.22670702,659942.4803173724,665806.2325692859,671224.2054936317,675175.1833288213,677046.3149688652,677899.6561995359,679997.6616373071,684799.7984748257,691964.5958120947,702138.327314651,714967.1517699258,731227.56676686,747215.4694758914,759229.4463897273,763051.1790377538,757049.9863930251,744871.3244337601,730805.251441033,721221.4093775492,716071.2902269149,712706.5463189863,707706.1161748563,701670.6052012591,695443.1289155581,690820.8219673219,687996.531438595,687615.2309335672,688065.0132307445,689686.1231481062,691315.0613656509
2 Bedroom,44269,29,Boston,city,MA,MA,"Boston-Cambridge-Newton, MA-NH",Suffolk County,664951.8182529495,666472.695876435,667266.4147140313,667516.6576016998,666486.1181236692,666094.3249189629,666935.0201642631,667768.34699494,668773.6598453509,668656.9435969171,668162.2799912402,666923.051270289,666874.7163368441,667418.8388841123,667733.2839452924,669643.6517674257,672371.2030492637,675707.8089464011,677039.9022393305,678387.3790450663,679110.833747259,679585.1352564283,679756.5897980739,681580.2965052316,684189.7860804411,687644.8394354568,690587.9511133406,692484.8163523232,694557.4857448246,696209.4134729566,698153.1227380069,700125.4806817811,702465.9912721827,707117.7258548156,713457.2311887951,720122.2913934292,725892.0017284285,730576.647898699,734692.7161179249,736078.1582353674,736964.1032834767,738831.6487999744,742851.4514374804,747244.557967715,750527.5854865592,750069.0415284085,745245.8460871998,736912.5738433335,730004.9092353899,725891.5799860572,724044.6661136808,722058.3657053352,719519.1757009691,717940.4821496294,719099.9395077573,722212.2097101295,725857.9401937028,728828.5981799393,731146.3367763249,732400.1818875024
2 Bedroom,37211,37,Atlanta,city,GA,GA,"Atlanta-Sandy Springs-Alpharetta, GA",Fulton County,274898.24624064856,277971.92349878285,280640.05478350486,282757.0195670123,283832.0727736352,284399.48512694595,284279.3826626796,284104.2591676322,283726.5881957827,284010.1223012891,284533.35851707024,285275.32441337616,285699.54346309364,286321.24514978874,286999.83846136386,288721.03318037937,290459.6057425018,292333.9714112697,292993.2528264983,292635.57352390606,291586.3494873492,290830.8595659555,291337.3423791115,293328.9173395855,295988.6408961595,298994.9864829749,301418.2822698396,304055.1534413157,306691.05982908467,310115.6128619321,312914.21091807383,315638.504142748,318116.68160139973,320934.3627523854,323926.6999897075,326586.7704724174,329214.9805387081,331642.0387937496,334381.9254789354,338105.0462065207,342462.8875277312,347180.4161802056,351395.0655064461,355764.6048576913,359816.30000376445,362156.6523673786,361936.8607043841,360047.0338251752,358727.0873020518,357964.14158353704,357325.7329748187,356428.7190632776,355368.52658789715,354845.951669476,354776.80242144485,355358.2666186095,356016.7199019726,356738.80058596964,358170.5517194423,359901.5039895375
2 Bedroom,5983,53,Minneapolis,city,MN,MN,"Minneapolis-St. Paul-Bloomington, MN-WI",Hennepin County,245956.48997092247,246318.0976941037,247150.5080735364,248450.7750720212,250356.8673799784,252163.29293210528,253435.82167722392,253620.9389777236,253384.5637540072,252915.3062652877,252825.97793725165,252816.71803327184,253237.16965943016,254089.3371365927,255490.35924944523,257242.0726600932,259072.3221756863,261192.9650482547,263355.01082420605,264393.38544632425,263330.84349373594,261226.17191907807,259759.9231826289,260401.016444088,262598.301569721,265362.52975360985,267848.1373113764,269570.26945693704,271297.90140673605,273609.7728210981,276681.6212046691,279946.0286436666,282777.94146937784,284184.46373600105,283756.709105294,281718.42361801275,279413.61694825947,277721.6183061211,276616.53858288284,276504.0466116186,277518.71394521993,279544.4007892918,282281.1649680182,284782.4610070176,286953.3205167357,287107.0918089072,285615.6395947816,283055.4369709767,281354.2494961622,280475.6305714935,279736.88474460883,278892.79184015765,278113.7136765238,277377.63711181696,277020.562482355,277141.4239753851,278299.07437606977,279748.1806249648,281431.2075610429,282586.6855017233
3 Bedroom,6181,0,New York,city,NY,NY,"New York-Newark-Jersey City, NY-NJ-PA",Queens County,673680.4711259719,675022.1769457343,675746.1276144366,676911.7073863097,677507.2519299343,679217.5390029759,681455.6616169579,682776.8005368997,684117.9095937832,684268.2843315718,684015.2007148728,683061.4439727265,683179.0359637764,684781.6906362213,687074.4916145414,689207.2785203258,691367.784701476,693883.1459134042,696054.8157398837,697079.8096328549,696859.7973672777,696866.2796076898,697064.2769426996,698404.5321014902,699840.7923752097,702853.0166043405,705908.3415223234,708384.3829083868,711483.0672297017,715398.1315275043,720035.9142923354,724685.9315669377,728066.0840137542,730931.8610664258,732851.571581141,736324.2463944294,742209.4684268391,749591.4378065659,755694.683462219,759554.1978745192,761980.2572702704,765450.8407926749,769974.7428964507,775255.0147387771,781702.7876321328,784878.3587863961,784532.4903748338,778403.4182030183,772722.0054140402,768559.482155744,766696.6310870216,765019.7229592487,761780.259312892,759108.5170629676,759130.9448535354,761862.1414377512,765592.7297002078,767644.0281831337,767511.9577688522,765406.2965354574
3 Bedroom,12447,1,Los Angeles,city,CA,CA,"Los Angeles-Long Beach-Anaheim, CA",Los Angeles County,664451.3288262804,671765.1530935564,675597.8742457413,672638.1890392,664487.9839469702,654515.9287979022,647173.512062844,642724.6463293725,640103.1168457425,641551.0954630676,647531.6983243865,656434.4359643437,665433.467285403,673726.2362553847,681588.7013333059,686311.1888875632,688512.8803598149,689324.1558845938,690025.9182989644,688153.54533818,683470.0880468573,683054.3841580859,689579.7972729224,703937.9125991844,720507.8849097489,738420.8176206927,755217.36860896,764793.1887146431,769861.0238908197,771747.5141701797,779299.9957834077,790572.0046020715,804465.2330830335,819055.5961670252,830221.4598108021,838807.893192905,845123.907139965,852167.3176539683,860497.5871297714,870653.4109519842,882275.4771394077,895379.4631072654,906408.7704897582,916123.2494362236,921189.5851996868,924129.2953792296,921398.1250600568,916004.1286341196,909339.6116974144,905218.0779370436,902517.7383149802,893821.586759265,880877.4966720477,867307.7637874298,861547.0075094976,862618.7152240155,869101.2920137215,880836.0707340902,896379.7646864053,912077.8317550533
3 Bedroom,39051,2,Houston,city,TX,TX,"Houston-The Woodlands-Sugar Land, TX",Harris County,166614.93782631142,167633.56299433042,168663.89502223625,169700.36000817022,170715.6746608341,171629.34780608062,172288.2317540068,172792.5137071654,173195.2590111723,173571.84611074356,173945.05858692047,174410.1363500067,175074.39418306178,175959.86737219174,176901.4857487321,177802.1671925128,178572.0140782698,179248.07975286208,179727.42895440882,179818.8257506605,179890.35206899964,180280.8399816308,181233.05669448533,182637.2992679698,184423.6272947653,186692.4921149785,188963.50307878177,191295.9868344325,193622.93503253337,196303.9554317123,199133.9795922789,202296.95628698464,205675.7523503739,208300.5088590195,209769.99117987347,210413.39304114663,211531.595615261,213539.1095067752,216094.79705708168,220024.58327963963,224803.4918457088,230338.15228117272,235266.2616863384,239487.93588850665,242947.78073032468,245365.41724704104,246637.2122475037,247133.77776260648,247380.8851500519,247534.8581701809,247050.84847756723,245855.47550815967,244523.62700214653,243638.9877549012,243415.6128041218,243765.2219095595,244641.5291965693,245540.5028248928,246463.25905127305,246952.22802063744
3 Bedroom,17426,3,Chicago,city,IL,IL,"Chicago-Naperville-Elgin, IL-IN-WI",Cook County,237808.92163098053,238196.1270453342,238723.13666819947,239298.6039287582,240457.4122354725,241774.31031755253,242993.7101738456,243278.0479617169,243429.33994289293,243157.7206886571,243076.1778879368,242567.25909609767,242594.0499914933,242974.6617243109,243816.3669872839,245949.0997514572,248598.0425808556,251697.4568355569,253290.447862845,253677.85301795285,252892.1017077881,251900.727008906,251738.8739557093,253300.7160876782,256260.0676910594,260208.55234231413,264118.4754567354,268104.92691602715,272596.4017736674,277460.36715916643,281857.3899310114,285093.34790131776,287430.58463501744,288883.73677505634,289073.89094366966,287875.2443524014,286507.7005722414,285774.88795703906,286291.82657786604,288326.7402006839,292271.7179418292,297568.7104159285,302464.368965183,305001.3275363488,305812.0312749755,304582.23981215147,302310.91802567354,298840.1708551553,296053.9122909506,294440.51601833786,293768.12217134755,292738.91121810867,292516.73084579624,293104.54899437045,294998.8269189555,296595.86026933487,298284.44209177775,300133.5338445377,302238.36229822395,303749.8397372441
3 Bedroom,40326,6,Phoenix,city,AZ,AZ,"Phoenix-Mesa-Chandler, AZ",Maricopa County,243278.466172214,244445.85830123755,245511.68519921147,246612.49231393897,247706.28000101112,248589.3168807689,249225.3169070424,249558.77341998264,250040.80358085028,250547.1502713866,251400.8204227744,252456.18980203176,253990.66617049585,255916.19775719653,258089.6271617758,260754.84646874512,263731.25079423067,267087.2582070259,269954.2778267222,271837.4557083593,273051.0384094045,274592.7970740165,277251.1415873237,281484.2166443208,286598.6369046331,292373.8557368554,298176.56497418165,303987.41197564,310207.6812668345,317510.32635277143,325731.7133204208,335281.15171888843,345489.7722540516,355538.369370603,364373.2459196489,371653.54609910125,378170.8740980824,384489.40170381736,390703.8213804982,397614.6210816353,405606.7610317674,415353.3297124472,425862.9669221506,436075.6476648534,444321.82892893534,448235.9199935577,446653.821614333,440179.5139086984,432241.8110333102,424035.1019923228,416404.4153901646,409205.5853736437,403641.8133759101,400363.2019108133,399149.714090044,399522.15174894826,401147.3735502926,403817.784639052,407025.2628901918,410054.8325492896
3 Bedroom,18959,7,Las Vegas,city,NV,NV,"Las Vegas-Henderson-Paradise, NV",Clark County,268448.10337764,270617.21083911334,272178.0801686615,273368.3189465049,274583.13296459074,275713.9599896656,276675.9058705465,276897.77195132774,277115.28692043934,277194.41579759255,277487.4565113514,277487.57124724647,277493.7493480283,277700.97509582527,278252.4752126191,279483.60256833315,280856.60432780586,282455.3066736862,283709.08024881134,284199.5426134357,284134.1601917127,284079.42395234475,284877.8604516772,286420.24484900053,288484.08630052686,291380.11089300894,294812.9283074262,298372.78506126755,301977.7775654287,306232.085948694,311321.23543327977,317738.90871156816,325422.4137548098,333556.1213802586,340924.34199124697,346866.1085704368,352223.9439458912,357896.8129282673,363528.6867837072,370400.950250152,378655.8536704656,388980.09816443175,399832.3616174708,409871.9048533948,417971.1518817565,422473.8047548991,422670.3987198104,418697.0619105808,412863.0107676509,406075.1872509462,399606.3325797352,393266.2358443265,388038.83328968176,384277.87515202974,382206.3340803704,381443.0042937443,381970.4245657021,383497.33984409575,385991.3759632463,388421.2021017076
3 Bedroom,38128,9,Dallas,city,TX,TX,"Dallas-Fort Worth-Arlington, TX",Dallas County,191469.81722645648,192434.082677492,193471.3720016304,194775.90554225468,195921.67530659112,196902.53593954988,197419.4052376328,197560.23483828048,197535.1164251076,197526.718363734,197830.03220772173,198272.3162183896,199035.1277982148,200000.81463989776,201223.0593228072,203238.40699853312,205517.67520038155,207699.7709954836,208656.824429526,208448.507221854,207823.5160270953,207814.3645457183,208909.89308294017,210962.65769911057,213569.95155465507,216805.80673161265,220227.37839782136,224207.99453754164,228778.55153499497,233741.3554154007,238379.7240884664,242414.0160497123,245998.9212966424,248197.9591964739,248802.40830560657,248541.27277423663,248859.05889924115,250500.86232299407,253039.78358344105,258597.8451736669,266349.9828078128,275454.1551859694,283413.9870087695,289720.4021512424,294557.8714246621,297111.28700520395,297519.01633434073,296661.0987860756,295750.7662504952,294886.7167678636,293450.6464540759,291502.6523453423,289732.13257628685,289038.48142341274,288982.38048645057,289593.2401754786,290215.1332953937,290825.9588097281,291631.2566715614,292108.2906937022
3 Bedroom,20330,17,San Francisco,city,CA,CA,"San Francisco-Oakland-Berkeley, CA",San Francisco County,1526988.822250476,1530264.7804432884,1527969.8809904752,1520236.24629948,1505492.761717735,1490758.6014815436,1482476.5539789312,1479609.249058416,1482953.5381285143,1488397.3471818038,1496314.2413603177,1503096.8885029766,1509140.8996388493,1515855.1236509152,1521987.867415751,1527605.9305766218,1532317.1428913996,1541371.5243569503,1549091.5970041696,1548263.479609826,1535902.4818293534,1525647.4176757347,1526700.675015175,1536316.8698066778,1544933.465803204,1552656.073660611,1558449.8428583192,1561803.3098202234,1563285.2903763882,1567241.1101369914,1576416.2244393465,1591948.434884927,1610685.8425864114,1628854.6695544012,1640044.4616887104,1644854.7405041966,1649160.5011661763,1659135.6905215525,1671111.968400338,1687513.2410268884,1711490.1533734838,1742069.9709880147,1766947.9509922678,1778715.6164644945,1774395.0222254612,1754013.69489348,1717657.4220116427,1673765.6680397068,1637484.9034134904,1609705.1082818185,1588864.2720451162,1563413.3337506251,1541398.5334838834,1523435.1148190869,1517516.1812290486,1514403.3461279965,1514028.6675603448,1514069.4740375548,1516603.4054585558,1518455.1441356428
3 Bedroom,12700,20,Miami,city,FL,FL,"Miami-Fort Lauderdale-Pompano Beach, FL",Miami-Dade County,366739.4371469047,368361.0371780309,370216.4026154532,371803.4160180601,373632.75436784414,375332.8234295615,376669.0678678315,376643.1387731244,376273.7219386261,375937.11717790295,376257.6466041671,377009.80519694136,378565.8032554395,380948.33269062336,383734.2963055,386848.1893384793,390300.6687932136,393606.15593232185,396088.0665845223,395888.3434327219,394457.5875573924,393047.1994093296,394228.5907307431,397714.9180345932,402644.2080338094,408522.4689001203,414500.5902493925,421093.98885425547,427592.8231385557,434637.5092814057,441527.1902365473,449135.65160332527,456821.92807697103,463400.2651231096,468176.2285374487,471156.7157206428,474127.8434622039,478323.5516102314,484016.9981148094,494523.4500020177,508294.5539359639,525225.9014986119,540733.5658359403,553871.5884446562,565068.9889137613,573453.1023544886,578933.6896344811,580429.8474946093,581053.646392567,581902.1209240927,584024.6467791464,585360.0223196604,586406.1272949616,588497.179450953,592100.2910882649,596742.504935512,602349.8053993707,608388.8706354351,614797.6950891187,620686.0796434893
3 Bedroom,11093,23,Denver,city,CO,CO,"Denver-Aurora-Lakewood, CO",Denver County,439624.81774070073,440767.14747196034,442079.1810034479,443404.81900116015,445113.0294053841,447236.8896891931,449387.7438708824,450526.83675305406,451017.41976724967,450929.4612040205,451248.01260300825,451684.6764927679,452609.48417780193,454039.6517249008,455518.1698506608,457812.5280607065,461136.7966785631,465665.493723867,470267.4513876567,472259.4716497048,471809.6503236454,470743.84987106593,471810.7790675376,475999.3276762517,481817.4662094794,488117.42167402944,493565.4060952317,498127.8455229203,504004.31034336734,512407.9581296914,523091.4097236626,534394.5447493371,544579.9897467868,551667.3854585886,554880.7106545084,555423.7916760441,556379.2728815132,559149.8096811152,563657.4262617565,571212.552047195,582575.8829945923,597200.8768043813,611675.0260289306,623200.2959642336,629541.281698751,629201.1988400487,623120.6012916028,614579.9339719347,607855.6345808613,603480.1606306377,600235.8581265807,596669.4622916818,593371.5909074548,590974.0909087948,590124.6584732002,590622.1305023135,592244.9238861306,594114.124171432,595832.991587142,597209.2349618669
3 Bedroom,16037,24,Seattle,city,WA,WA,"Seattle-Tacoma-Bellevue, WA",King County,774701.356445164,769626.3464407247,764682.8219094413,758548.2279975939,752906.2372975018,749320.0307360162,747774.5888451912,746193.6381469431,744611.6830947472,742110.5015798825,740202.5482349693,738179.1674502655,738059.6597997523,738842.7300398102,740964.2464669923,742465.2548482198,745030.9820763051,749238.5459246138,755216.3725680761,758941.5027188164,760033.2022984499,761581.7731734557,767164.1777697426,777121.4952317829,787663.2120847749,797965.0955916106,805467.6321959142,811222.9609167948,816358.6818648778,823547.9925999785,833896.279789392,845238.6789450869,855301.928247539,861164.3970210627,862617.3197951153,861536.7742708173,862285.1027083375,866764.4031882425,875738.5776996488,890787.553760982,911439.6742478232,937320.5264774744,962150.2222255174,980785.720566042,987091.0869856634,978976.7763900816,960523.0336023336,938788.5199824868,923480.1425313356,915311.2991404072,910892.5616605632,903574.9004490402,895331.3549146736,887010.8416984765,882860.572549532,881645.3803124741,883726.2825476237,887108.7621392835,891866.3774136935,896263.2278957767
3 Bedroom,44269,29,Boston,city,MA,MA,"Boston-Cambridge-Newton, MA-NH",Suffolk County,606288.207704804,608006.9755033392,608817.2014172417,608937.527141971,608036.0192917339,608337.1948471951,610029.0640155376,611241.3648552188,611997.784935861,611905.8003805612,612093.1422838683,611965.7018832979,613132.8719394525,614848.5679392497,616497.5493191791,618514.9680468176,620676.837886394,623577.1202755814,625521.9010061116,628063.0100113209,629862.5525439638,632090.175172675,635090.2494425258,640628.1260553148,647942.0716347429,656210.9267143524,663738.43341028,669562.6700782866,675249.4661929166,681054.2000926011,687336.6430827321,693232.7981575395,698048.9461559596,702174.314499036,704821.6479197523,706322.27401776,707542.4477802293,708564.6260336192,710196.188504172,713043.4768516156,719100.2972850669,728311.8382167387,737973.960798189,746479.3104108572,751939.4217986154,751942.1981350355,745873.7810706346,735608.2521362235,727030.9075305351,721308.5708150988,718357.2785058526,714968.9874088271,711759.1765508633,710578.0455890648,713673.8782996597,719303.8290012424,724918.4216332706,729569.1212546369,733627.1154567002,736331.4211583777
3 Bedroom,37211,37,Atlanta,city,GA,GA,"Atlanta-Sandy Springs-Alpharetta, GA",Fulton County,250665.05374795533,254535.8164103779,257842.67084934525,260125.08849728885,261068.00086231265,261493.74093471668,261911.8498597932,262647.50516273425,263415.2190600768,264323.256198406,265450.7054858599,266502.1918078046,267545.87782819447,268912.8562848415,270660.9453642236,273299.83927311824,275961.378516693,278654.85002129315,280397.0542557626,280677.8448306679,279716.3022506658,279135.42058429174,280169.736380488,283258.3579225342,287088.1425831839,291562.61273270234,296028.5059781901,301320.59527182113,307258.0366157513,313669.05727853713,319192.8909952173,324123.4080586299,328468.921414619,331777.72518582334,333820.6255848406,335277.2622504554,337371.92010688205,340195.6171452057,343342.60780331393,348971.0714353966,356742.4288089189,365438.098128875,372668.9604240249,378112.0714509967,382491.9446799345,384043.90656576207,383007.3099478912,379728.1725068292,377004.2274239762,374654.839708091,372782.8620046464,371504.94811028586,370917.3458406979,371158.3288367486,371405.1197426771,371572.3622524903,371527.0410401247,371358.4298101755,371659.64331230265,372354.8090746572
3 Bedroom,5983,53,Minneapolis,city,MN,MN,"Minneapolis-St. Paul-Bloomington, MN-WI",Hennepin County,279406.6564667848,279713.9090226451,280490.62496643065,281607.52239957295,283395.0676993124,284984.94986669585,286180.6907117256,286284.10767618025,286011.01107504056,285605.3403842109,285536.01112185715,285695.8143999882,286524.45767339214,287812.0466465101,289495.4354302243,291344.7329149888,293413.9949792112,295811.4399348915,298128.3297619121,299117.607797765,298550.20231662825,297605.1875221021,297864.1816958584,300081.31794042647,303640.28337594867,307471.47554922453,310931.1817814794,313579.6447146335,316338.4068245485,319648.91327405145,323638.56926591264,327742.87210830103,331372.2231390975,333268.91390592745,332918.6192326243,330605.9527735851,328102.7624285506,326479.4638035646,325637.2214468525,326513.1219063977,329040.31349696364,333176.5980589572,337705.3718119536,341666.18073800445,344595.18420536333,344720.8988906637,342462.34123736963,338678.0136895465,336060.24183903245,334566.01094732474,333752.97292359546,332972.42881575966,332809.40167287993,332878.2159487757,333511.26279273577,334547.6015331846,336490.96471590805,338532.42828774336,340305.35639224027,341285.02249232907
