latitude,longitude,elevation,utc_offset_seconds,timezone,timezone_abbreviation
37.800003,-122.399994,18.0,0,GMT,GMT

time,temperature_2m_mean (°F),temperature_2m_max (°F),temperature_2m_min (°F)
2018-10-01,58.7,71.9,50.6
2018-10-02,60.2,72.4,53.7
2018-10-03,60.1,67.8,53.9
2018-10-04,61.8,73.2,52.1
2018-10-05,60.3,73.2,52.9
2018-10-06,63.2,73.8,52.3
2018-10-07,59.7,71.5,52.3
2018-10-08,59.4,76.6,50.6
2018-10-09,67.4,84.3,56.4
2018-10-10,72.6,84.8,61.0
2018-10-11,64.4,83.4,54.4
2018-10-12,57.5,66.8,54.4
2018-10-13,56.2,59.9,53.9
2018-10-14,57.1,60.1,55.5
2018-10-15,56.3,59.0,54.4
2018-10-16,55.5,60.2,53.6
2018-10-17,57.1,64.1,52.6
2018-10-18,61.6,67.0,58.2
2018-10-19,57.3,66.8,48.8
2018-10-20,57.6,67.2,49.4
2018-10-21,62.4,74.4,55.1
2018-10-22,63.8,74.4,53.8
2018-10-23,58.2,70.3,52.5
2018-10-24,57.5,67.4,52.2
2018-10-25,60.4,75.1,52.6
2018-10-26,64.6,75.8,55.2
2018-10-27,62.5,79.3,53.3
2018-10-28,64.7,80.0,52.8
2018-10-29,57.6,78.4,50.4
2018-10-30,58.1,61.4,55.1
2018-10-31,57.5,69.4,50.5
2018-11-01,59.8,69.7,55.2
2018-11-02,57.6,66.3,53.0
2018-11-03,54.5,66.5,45.6
2018-11-04,55.5,62.9,48.9
2018-11-05,56.9,67.5,49.8
2018-11-06,60.9,67.9,55.0
2018-11-07,54.0,67.5,47.2
2018-11-08,53.3,67.8,43.6
2018-11-09,54.4,68.1,43.9
2018-11-10,54.0,64.9,48.0
2018-11-11,54.2,65.6,47.7
2018-11-12,54.8,67.7,49.2
2018-11-13,60.8,74.3,51.8
2018-11-14,63.9,74.5,55.3
2018-11-15,61.0,71.1,52.4
2018-11-16,63.0,75.5,54.4
2018-11-17,64.9,75.4,55.4
2018-11-18,63.0,73.7,58.8
2018-11-19,57.7,64.1,54.1
2018-11-20,59.5,69.9,54.5
2018-11-21,55.2,70.2,47.2
2018-11-22,54.0,64.3,48.0
2018-11-23,52.6,64.8,44.8
2018-11-24,51.4,62.5,42.3
2018-11-25,55.2,61.6,50.8
2018-11-26,57.2,58.9,55.3
2018-11-27,53.9,58.0,51.5
2018-11-28,50.3,56.0,45.9
2018-11-29,57.4,59.2,54.9
2018-11-30,54.6,57.5,51.7
2018-12-01,58.2,59.7,56.6
2018-12-02,53.6,58.0,50.4
2018-12-03,48.8,56.8,42.1
2018-12-04,53.1,57.1,48.1
2018-12-05,55.4,56.0,54.4
2018-12-06,55.3,56.0,53.7
2018-12-07,54.7,57.4,50.2
2018-12-08,52.9,55.9,47.9
2018-12-09,52.2,55.7,48.8
2018-12-10,54.9,57.5,52.4
2018-12-11,51.8,55.8,49.3
2018-12-12,53.5,54.3,51.6
2018-12-13,51.1,53.9,48.0
2018-12-14,49.0,56.1,43.3
2018-12-15,50.9,57.0,45.1
2018-12-16,52.9,57.2,49.5
2018-12-17,52.3,54.3,49.2
2018-12-18,46.4,52.4,40.7
2018-12-19,43.3,53.5,35.4
2018-12-20,44.2,53.9,36.3
2018-12-21,43.1,53.7,35.7
2018-12-22,44.0,53.4,37.6
2018-12-23,45.9,55.5,37.9
2018-12-24,46.5,56.4,38.0
2018-12-25,46.5,56.4,38.5
2018-12-26,46.1,56.8,38.8
2018-12-27,48.9,56.1,41.9
2018-12-28,45.1,55.9,38.5
2018-12-29,48.6,53.1,45.7
2018-12-30,48.1,52.0,45.8
2018-12-31,47.5,52.2,42.2
2019-01-01,52.1,56.0,46.9
2019-01-02,53.4,56.0,51.4
2019-01-03,47.5,59.6,39.2
2019-01-04,46.3,59.8,38.7
2019-01-05,46.6,56.3,39.5
2019-01-06,53.2,58.1,48.4
2019-01-07,57.5,59.5,54.5
2019-01-08,55.6,59.4,51.9
2019-01-09,47.0,55.1,40.2
2019-01-10,47.3,55.6,38.3
2019-01-11,47.7,55.0,42.9
2019-01-12,48.0,56.4,43.5
2019-01-13,48.1,58.9,40.0
2019-01-14,49.8,60.6,41.9
2019-01-15,51.5,60.9,43.8
2019-01-16,48.3,56.4,41.7
2019-01-17,47.7,58.8,39.8
2019-01-18,48.3,59.3,40.3
2019-01-19,50.9,58.9,45.2
2019-01-20,49.2,55.8,45.1
2019-01-21,51.1,55.8,45.3
2019-01-22,52.5,58.8,49.4
2019-01-23,49.5,59.2,45.5
2019-01-24,50.8,59.6,46.4
2019-01-25,49.2,61.5,39.7
2019-01-26,50.0,61.7,43.5
2019-01-27,49.1,58.1,44.5
2019-01-28,49.1,54.5,45.5
2019-01-29,48.5,58.6,43.8
2019-01-30,51.0,63.6,42.4
2019-01-31,50.2,63.9,40.2
2019-02-01,49.0,61.7,40.9
2019-02-02,51.4,60.3,45.9
2019-02-03,50.4,60.4,44.5
2019-02-04,48.8,58.2,43.8
2019-02-05,50.7,53.1,47.7
2019-02-06,48.2,54.2,41.7
2019-02-07,50.3,54.1,47.1
2019-02-08,48.6,54.6,42.8
2019-02-09,47.0,54.6,39.0
2019-02-10,44.7,54.1,37.8
2019-02-11,45.0,54.3,35.9
2019-02-12,47.3,54.3,42.5
2019-02-13,53.1,54.1,51.1
2019-02-14,50.9,53.8,48.5
2019-02-15,47.4,55.9,42.1
2019-02-16,48.4,56.2,40.2
2019-02-17,48.8,55.0,45.0
2019-02-18,47.3,50.8,42.7
2019-02-19,46.8,50.0,43.9
2019-02-20,39.3,49.2,31.5
2019-02-21,42.2,57.7,33.3
2019-02-22,51.4,60.2,45.0
2019-02-23,53.4,60.5,50.2
2019-02-24,50.8,59.4,45.4
2019-02-25,52.4,59.6,48.1
2019-02-26,55.1,58.6,50.5
2019-02-27,55.6,57.9,53.4
2019-02-28,54.3,57.0,51.6
2019-03-01,52.2,57.7,49.5
2019-03-02,51.9,69.8,42.2
2019-03-03,53.9,70.2,42.7
2019-03-04,52.7,66.2,46.9
2019-03-05,58.2,70.8,49.1
2019-03-06,58.4,70.9,47.2
2019-03-07,54.1,66.6,48.1
2019-03-08,52.7,59.9,45.9
2019-03-09,53.9,67.2,45.6
2019-03-10,54.7,67.6,44.4
2019-03-11,53.5,67.8,44.8
2019-03-12,49.6,58.8,41.3
2019-03-13,51.8,58.6,45.4
2019-03-14,53.6,58.9,48.5
2019-03-15,54.9,58.9,52.2
2019-03-16,56.6,59.0,55.8
2019-03-17,52.7,58.9,46.9
2019-03-18,50.0,57.7,44.9
2019-03-19,50.5,60.1,42.5
2019-03-20,55.0,60.1,52.3
2019-03-21,52.5,58.6,46.6
2019-03-22,52.8,62.8,45.3
2019-03-23,52.4,62.4,43.7
2019-03-24,53.5,58.3,48.8
2019-03-25,55.9,58.4,53.2
2019-03-26,54.0,62.5,50.4
2019-03-27,57.9,68.8,48.6
2019-03-28,57.3,68.2,47.6
2019-03-29,55.3,66.5,46.6
2019-03-30,53.5,59.1,50.1
2019-03-31,54.9,59.8,52.5
2019-04-01,52.4,59.7,47.1
2019-04-02,50.9,59.8,46.4
2019-04-03,49.5,55.4,45.7
2019-04-04,48.3,55.7,41.4
2019-04-05,49.7,56.7,42.6
2019-04-06,55.2,66.2,51.2
2019-04-07,58.1,66.6,48.5
2019-04-08,54.7,65.5,47.8
2019-04-09,54.1,61.0,50.1
2019-04-10,53.1,60.9,46.0
2019-04-11,52.2,61.1,45.7
2019-04-12,53.5,63.4,44.2
2019-04-13,56.1,67.9,44.3
2019-04-14,60.9,77.5,49.6
2019-04-15,65.1,77.1,53.9
2019-04-16,62.9,84.8,47.8
2019-04-17,70.3,84.7,59.0
2019-04-18,68.6,83.2,55.9
2019-04-19,66.2,82.9,56.3
2019-04-20,60.8,71.5,52.2
2019-04-21,59.9,70.8,48.7
2019-04-22,57.9,68.5,50.4
2019-04-23,54.9,61.6,50.0
2019-04-24,54.3,67.7,46.6
2019-04-25,60.0,72.4,51.4
2019-04-26,61.1,72.4,50.8
2019-04-27,62.4,77.6,53.0
2019-04-28,66.2,82.4,54.3
2019-04-29,65.4,82.0,50.6
2019-04-30,62.7,74.5,50.8
2019-05-01,61.1,71.9,51.0
2019-05-02,60.0,70.5,51.9
2019-05-03,61.2,72.2,49.4
2019-05-04,59.1,70.5,51.7
2019-05-05,52.8,59.0,50.1
2019-05-06,54.7,60.3,52.1
2019-05-07,55.5,60.4,50.8
2019-05-08,54.6,60.0,50.8
2019-05-09,52.5,58.9,46.9
2019-05-10,54.9,64.7,46.5
2019-05-11,57.3,65.4,48.2
2019-05-12,60.7,81.1,45.7
2019-05-13,70.4,90.8,55.0
2019-05-14,68.0,90.4,57.4
2019-05-15,58.0,68.8,54.0
2019-05-16,62.1,75.6,53.3
2019-05-17,63.8,75.0,55.8
2019-05-18,59.4,72.0,48.4
2019-05-19,63.1,73.8,52.2
2019-05-20,57.2,70.9,52.6
2019-05-21,56.5,65.3,52.3
2019-05-22,62.4,74.2,54.4
2019-05-23,59.7,73.8,53.6
2019-05-24,57.2,61.7,53.3
2019-05-25,57.7,62.7,55.2
2019-05-26,56.9,62.8,54.6
2019-05-27,55.4,60.9,51.8
2019-05-28,55.5,60.6,53.2
2019-05-29,56.6,60.2,54.2
2019-05-30,56.5,62.6,53.0
2019-05-31,58.1,64.7,52.0
2019-06-01,57.7,64.7,50.8
2019-06-02,58.2,67.6,51.3
2019-06-03,58.9,67.5,51.7
2019-06-04,60.5,71.5,51.3
2019-06-05,68.9,87.0,59.2
2019-06-06,74.4,86.9,60.5
2019-06-07,71.2,85.8,54.4
2019-06-08,64.2,81.4,56.9
2019-06-09,56.0,65.4,52.3
2019-06-10,53.7,57.0,51.6
2019-06-11,54.4,59.4,52.0
2019-06-12,54.9,59.6,52.1
2019-06-13,58.2,69.0,51.8
2019-06-14,58.3,68.6,53.0
2019-06-15,62.0,68.0,55.8
2019-06-16,60.8,69.5,53.5
2019-06-17,58.3,62.4,55.2
2019-06-18,57.1,61.6,54.8
2019-06-19,56.6,59.7,54.2
2019-06-20,56.3,62.7,53.7
2019-06-21,57.1,63.0,53.9
2019-06-22,57.6,61.2,54.9
2019-06-23,56.0,60.0,52.3
2019-06-24,56.2,60.0,54.1
2019-06-25,56.6,60.4,54.3
2019-06-26,58.0,63.7,53.9
2019-06-27,62.5,74.8,53.6
2019-06-28,67.0,78.9,56.0
2019-06-29,64.9,77.8,56.9
2019-06-30,60.8,68.0,57.4
2019-07-01,58.5,63.9,56.0
2019-07-02,57.7,65.6,51.2
2019-07-03,56.2,65.5,51.0
2019-07-04,61.6,73.9,53.9
2019-07-05,60.6,73.5,56.0
2019-07-06,57.2,60.9,55.0
2019-07-07,57.3,63.3,54.8
2019-07-08,61.1,69.6,56.0
2019-07-09,62.4,75.6,56.0
2019-07-10,61.6,76.0,56.5
2019-07-11,60.8,65.5,57.4
2019-07-12,61.5,70.5,56.6
2019-07-13,63.8,77.9,53.7
2019-07-14,65.7,78.0,56.7
2019-07-15,62.5,72.2,56.2
2019-07-16,62.7,71.0,56.9
2019-07-17,62.5,71.5,55.6
2019-07-18,61.8,72.9,54.2
2019-07-19,65.6,80.2,53.4
2019-07-20,64.1,79.5,59.5
2019-07-21,61.5,70.1,57.2
2019-07-22,63.1,72.4,54.9
2019-07-23,60.9,71.8,57.3
2019-07-24,58.7,63.8,56.0
2019-07-25,60.2,66.3,55.3
2019-07-26,62.6,70.5,58.8
2019-07-27,63.5,70.7,57.8
2019-07-28,62.8,70.4,57.3
2019-07-29,60.9,68.6,57.5
2019-07-30,61.4,66.1,57.2
2019-07-31,59.3,64.0,56.9
2019-08-01,65.5,84.2,55.0
2019-08-02,73.9,84.1,65.2
2019-08-03,65.8,76.6,60.0
2019-08-04,62.2,74.1,54.5
2019-08-05,63.5,80.1,54.6
2019-08-06,67.6,81.4,55.9
2019-08-07,71.3,81.4,60.9
2019-08-08,70.3,80.1,63.3
2019-08-09,65.5,74.3,60.9
2019-08-10,68.1,83.0,58.5
2019-08-11,70.4,82.6,62.2
2019-08-12,64.7,73.2,60.2
2019-08-13,61.7,68.2,59.1
2019-08-14,65.9,72.0,60.8
2019-08-15,61.9,70.2,59.3
2019-08-16,59.0,62.7,57.1
2019-08-17,60.8,68.6,57.1
2019-08-18,65.7,76.6,58.8
2019-08-19,71.8,88.6,59.5
2019-08-20,75.3,87.9,65.3
2019-08-21,71.1,81.7,62.8
2019-08-22,73.9,86.8,63.3
2019-08-23,78.2,90.5,64.9
2019-08-24,75.8,86.6,67.1
2019-08-25,65.4,75.5,61.0
2019-08-26,62.3,69.9,59.7
2019-08-27,65.0,75.2,58.4
2019-08-28,66.0,75.6,59.7
2019-08-29,64.3,75.7,58.8
2019-08-30,64.2,74.5,60.0
2019-08-31,66.9,75.0,60.7
2019-09-01,65.1,72.4,60.3
2019-09-02,63.5,70.9,58.9
2019-09-03,64.3,72.3,59.7
2019-09-04,68.0,83.0,57.1
2019-09-05,72.6,82.8,64.2
2019-09-06,65.2,76.1,56.8
2019-09-07,61.2,67.6,59.0
2019-09-08,59.6,66.1,56.3
2019-09-09,61.5,69.8,56.4
2019-09-10,62.3,69.8,57.0
2019-09-11,59.4,65.0,57.7
2019-09-12,59.3,64.3,57.7
2019-09-13,63.4,73.6,58.0
2019-09-14,65.3,73.5,58.2
2019-09-15,65.9,74.1,57.5
2019-09-16,63.1,72.4,56.9
2019-09-17,63.3,72.5,56.6
2019-09-18,63.0,72.4,57.4
2019-09-19,61.0,70.2,55.7
2019-09-20,66.9,82.6,56.1
2019-09-21,69.4,81.9,57.3
2019-09-22,68.6,86.5,54.0
2019-09-23,76.3,90.7,65.2
2019-09-24,77.6,90.9,65.7
2019-09-25,74.5,90.2,66.6
2019-09-26,69.8,79.9,62.3
2019-09-27,69.3,75.8,63.5
2019-09-28,65.4,71.4,63.2
2019-09-29,63.2,69.7,58.9
2019-09-30,66.6,73.7,60.4
2019-10-01,71.3,84.2,64.1
2019-10-02,70.0,83.9,61.0
2019-10-03,66.8,78.5,58.9
2019-10-04,65.7,78.2,56.4
2019-10-05,62.8,74.8,55.7
2019-10-06,60.8,66.9,56.7
2019-10-07,58.8,66.3,52.9
2019-10-08,61.0,68.7,55.3
2019-10-09,62.0,76.5,53.5
2019-10-10,69.5,87.4,59.2
2019-10-11,71.5,87.6,58.8
2019-10-12,67.2,82.6,55.2
2019-10-13,64.8,81.6,51.9
2019-10-14,67.0,81.8,55.8
2019-10-15,71.8,81.9,63.2
2019-10-16,69.8,79.8,61.2
2019-10-17,68.4,79.5,62.0
2019-10-18,59.7,68.4,55.0
2019-10-19,58.2,66.5,54.2
2019-10-20,54.1,58.8,51.8
2019-10-21,56.1,64.2,53.1
2019-10-22,57.7,71.7,50.2
2019-10-23,62.3,73.6,52.4
2019-10-24,57.1,73.2,46.3
2019-10-25,56.3,64.0,50.4
2019-10-26,58.7,62.1,56.4
2019-10-27,58.5,61.9,53.4
2019-10-28,54.1,61.3,50.4
2019-10-29,56.2,67.4,48.2
2019-10-30,55.1,67.1,45.6
2019-10-31,55.3,66.6,49.0
2019-11-01,58.3,68.3,52.0
2019-11-02,58.1,68.8,50.8
2019-11-03,59.4,66.4,54.7
2019-11-04,56.2,66.7,48.7
2019-11-05,54.5,64.1,47.7
2019-11-06,60.6,62.3,59.5
2019-11-07,57.5,63.6,53.2
2019-11-08,56.2,64.4,50.0
2019-11-09,58.3,65.4,52.0
2019-11-10,61.4,76.7,52.6
2019-11-11,64.5,76.9,56.2
2019-11-12,61.5,74.7,51.5
2019-11-13,58.0,74.7,49.5
2019-11-14,55.6,63.4,49.2
2019-11-15,57.1,71.1,50.5
2019-11-16,59.6,73.6,49.3
2019-11-17,59.4,73.7,52.2
2019-11-18,61.5,72.9,54.0
2019-11-19,63.2,74.2,54.3
2019-11-20,58.9,73.9,48.5
2019-11-21,57.1,67.3,49.4
2019-11-22,55.5,67.4,48.9
2019-11-23,54.9,69.0,45.6
2019-11-24,58.4,69.0,48.6
2019-11-25,56.8,68.2,52.3
2019-11-26,57.2,58.9,55.8
2019-11-27,59.1,59.5,58.4
2019-11-28,56.8,59.2,51.0
2019-11-29,52.0,61.5,45.8
2019-11-30,52.1,62.0,45.4
2019-12-01,50.7,60.0,44.6
2019-12-02,48.3,60.2,40.2
2019-12-03,48.6,59.1,43.4
2019-12-04,47.8,56.8,41.4
2019-12-05,56.7,60.8,52.4
2019-12-06,57.5,60.9,52.4
2019-12-07,50.2,53.3,47.5
2019-12-08,47.0,55.2,38.5
2019-12-09,47.8,55.1,41.9
2019-12-10,51.0,53.8,45.8
2019-12-11,49.2,54.4,44.8
2019-12-12,54.7,59.8,51.9
2019-12-13,52.6,61.9,46.2
2019-12-14,52.4,62.0,45.0
2019-12-15,50.4,60.7,43.1
2019-12-16,52.4,58.6,47.9
2019-12-17,48.6,59.0,43.1
2019-12-18,46.0,54.8,40.2
2019-12-19,51.6,60.7,46.5
2019-12-20,49.0,60.8,41.3
2019-12-21,50.6,57.9,43.4
2019-12-22,52.9,56.1,49.0
2019-12-23,46.4,53.3,41.0
2019-12-24,48.7,51.3,45.8
2019-12-25,42.9,51.0,35.1
2019-12-26,48.7,52.1,43.1
2019-12-27,48.4,53.4,42.9
2019-12-28,52.5,54.0,49.4
2019-12-29,47.9,53.5,42.3
2019-12-30,39.2,50.8,32.0
2019-12-31,37.2,44.9,30.9
2020-01-01,38.4,48.9,30.6
2020-01-02,41.0,51.8,33.4
2020-01-03,45.2,52.6,38.5
2020-01-04,39.1,47.6,33.8
2020-01-05,39.2,45.7,34.6
2020-01-06,34.4,43.4,28.8
2020-01-07,40.4,50.3,31.6
2020-01-08,45.8,50.3,41.9
2020-01-09,40.6,46.4,37.2
2020-01-10,38.1,43.9,34.4
2020-01-11,35.9,44.4,29.4
2020-01-12,33.6,42.0,29.1
2020-01-13,33.2,42.5,28.1
2020-01-14,36.8,49.7,29.7
2020-01-15,41.8,50.6,35.4
2020-01-16,39.7,49.0,32.0
2020-01-17,41.1,57.2,30.7
2020-01-18,45.4,57.8,36.7
2020-01-19,45.7,59.1,36.1
2020-01-20,45.6,59.1,35.7
2020-01-21,45.2,55.1,40.1
2020-01-22,46.0,56.1,39.5
2020-01-23,46.7,56.6,38.6
2020-01-24,46.5,55.7,41.7
2020-01-25,43.2,51.4,37.6
2020-01-26,46.2,54.2,41.6
2020-01-27,46.6,57.3,39.0
2020-01-28,49.4,63.3,39.1
2020-01-29,57.6,69.4,49.9
2020-01-30,58.0,69.5,49.1
2020-01-31,53.7,68.6,44.9
2020-02-01,50.8,62.1,45.6
2020-02-02,48.8,60.9,42.7
2020-02-03,51.4,65.5,42.4
2020-02-04,54.6,65.9,46.5
2020-02-05,52.2,62.8,44.8
2020-02-06,54.2,64.8,46.8
2020-02-07,52.7,64.6,43.9
2020-02-08,50.5,62.2,42.2
2020-02-09,53.3,62.0,44.9
2020-02-10,53.5,66.7,44.1
2020-02-11,51.2,66.6,43.2
2020-02-12,50.3,64.6,45.5
2020-02-13,51.4,65.3,42.6
2020-02-14,53.0,63.2,47.0
2020-02-15,56.5,70.5,48.0
2020-02-16,54.8,70.5,45.1
2020-02-17,50.5,63.6,41.8
2020-02-18,56.0,70.5,46.1
2020-02-19,58.0,70.7,48.8
2020-02-20,52.0,68.0,40.6
2020-02-21,52.9,63.9,44.9
2020-02-22,52.5,66.5,44.0
2020-02-23,52.7,66.6,40.4
2020-02-24,50.4,65.5,37.3
2020-02-25,53.6,65.5,46.2
2020-02-26,51.6,63.1,42.9
2020-02-27,50.3,62.9,39.4
2020-02-28,48.6,60.7,40.9
2020-02-29,48.2,60.7,41.0
2020-03-01,47.3,57.0,38.7
2020-03-02,49.3,56.7,42.3
2020-03-03,49.0,57.7,41.5
2020-03-04,51.3,59.7,44.0
2020-03-05,53.9,59.6,48.2
2020-03-06,51.1,56.3,46.7
2020-03-07,48.9,56.2,42.8
2020-03-08,49.2,54.3,44.7
2020-03-09,48.3,56.0,41.0
2020-03-10,46.6,55.6,39.6
2020-03-11,51.8,55.7,49.8
2020-03-12,49.6,55.8,43.1
2020-03-13,51.3,55.6,48.6
2020-03-14,48.7,55.8,41.6
2020-03-15,52.9,57.5,48.8
2020-03-16,53.3,57.1,50.4
2020-03-17,54.7,58.7,52.9
2020-03-18,52.9,63.9,44.1
2020-03-19,53.4,63.6,47.9
2020-03-20,50.1,56.4,44.3
2020-03-21,49.1,56.9,42.2
2020-03-22,49.6,63.7,40.8
2020-03-23,52.9,64.0,40.8
2020-03-24,54.9,73.4,42.9
2020-03-25,61.1,74.2,46.9
2020-03-26,58.7,71.7,47.3
2020-03-27,55.9,65.2,53.2
2020-03-28,50.7,58.9,44.9
2020-03-29,50.4,58.6,41.8
2020-03-30,52.7,63.0,43.0
2020-03-31,53.6,62.2,45.7
2020-04-01,53.7,62.3,45.5
2020-04-02,52.2,61.7,44.1
2020-04-03,52.3,58.7,46.1
2020-04-04,52.1,61.3,43.1
2020-04-05,52.0,61.8,42.5
2020-04-06,55.4,61.5,51.9
2020-04-07,52.6,60.6,44.3
2020-04-08,56.0,67.8,48.0
2020-04-09,54.0,67.0,44.9
2020-04-10,59.3,78.7,46.8
2020-04-11,68.8,86.0,57.1
2020-04-12,63.8,85.5,51.7
2020-04-13,57.7,67.3,48.9
2020-04-14,54.7,62.5,47.9
2020-04-15,56.5,66.1,47.3
2020-04-16,54.8,65.1,48.1
2020-04-17,53.9,59.2,50.1
2020-04-18,51.2,57.4,44.6
2020-04-19,50.0,57.2,44.1
2020-04-20,54.9,69.6,44.8
2020-04-21,61.3,79.8,47.6
2020-04-22,65.0,79.5,52.5
2020-04-23,62.8,70.8,53.1
2020-04-24,61.3,78.3,48.3
2020-04-25,68.3,89.8,54.6
2020-04-26,75.1,94.2,60.8
2020-04-27,77.8,93.9,66.5
2020-04-28,79.0,93.5,67.9
2020-04-29,68.5,81.2,57.7
2020-04-30,63.4,73.5,52.3
2020-05-01,60.2,71.5,48.1
2020-05-02,58.6,73.2,49.1
2020-05-03,60.4,73.6,48.2
2020-05-04,60.8,74.0,49.6
2020-05-05,59.6,73.5,49.1
2020-05-06,58.3,70.8,47.8
2020-05-07,63.2,77.3,49.6
2020-05-08,59.4,74.5,52.7
2020-05-09,55.9,63.3,51.1
2020-05-10,55.1,61.2,49.1
2020-05-11,56.1,62.1,50.7
2020-05-12,54.6,61.5,49.0
2020-05-13,53.3,60.5,48.2
2020-05-14,55.8,59.4,53.3
2020-05-15,55.8,60.9,51.3
2020-05-16,53.0,57.4,51.1
2020-05-17,56.1,66.8,49.3
2020-05-18,57.3,66.4,52.5
2020-05-19,54.8,62.0,50.6
2020-05-20,56.7,69.6,49.2
2020-05-21,64.5,81.2,52.7
2020-05-22,74.4,86.9,62.8
2020-05-23,69.9,85.0,61.8
2020-05-24,71.3,88.5,57.9
2020-05-25,76.0,88.5,63.8
2020-05-26,66.6,86.9,57.6
2020-05-27,56.0,65.8,52.0
2020-05-28,53.4,60.5,49.4
2020-05-29,52.6,60.6,49.3
2020-05-30,52.7,58.9,49.3
2020-05-31,54.6,64.2,49.0
2020-06-01,54.8,64.0,48.6
2020-06-02,56.2,62.7,52.4
2020-06-03,56.3,61.4,53.9
2020-06-04,53.7,58.3,50.9
2020-06-05,54.5,58.2,52.0
2020-06-06,54.2,60.0,51.4
2020-06-07,55.3,60.1,52.6
2020-06-08,54.5,59.4,51.4
2020-06-09,52.8,59.5,49.8
2020-06-10,54.3,65.8,50.5
2020-06-11,62.5,75.9,52.4
2020-06-12,65.9,79.0,53.6
2020-06-13,61.1,78.3,55.8
2020-06-14,53.4,58.4,50.9
2020-06-15,54.5,60.6,50.6
2020-06-16,56.2,66.5,50.1
2020-06-17,67.2,85.0,53.7
2020-06-18,69.7,82.1,59.4
2020-06-19,65.1,74.4,59.3
2020-06-20,56.4,66.1,51.2
2020-06-21,55.7,63.0,49.5
2020-06-22,55.7,64.4,50.0
2020-06-23,58.4,66.9,51.6
2020-06-24,56.5,66.5,51.2
2020-06-25,58.8,69.0,50.3
2020-06-26,60.0,71.9,50.2
2020-06-27,61.3,71.7,54.2
2020-06-28,63.7,75.0,55.7
2020-06-29,60.1,75.0,54.8
2020-06-30,56.4,63.4,53.8
2020-07-01,62.4,79.1,50.1
2020-07-02,69.2,86.6,56.4
2020-07-03,74.4,91.5,60.1
2020-07-04,78.0,91.4,66.2
2020-07-05,63.9,81.8,57.4
2020-07-06,57.2,66.8,53.4
2020-07-07,62.0,74.1,53.5
2020-07-08,61.6,74.0,55.0
2020-07-09,57.4,67.9,53.0
2020-07-10,57.7,70.5,52.5
2020-07-11,57.3,70.7,52.7
2020-07-12,59.5,73.0,52.5
2020-07-13,60.8,72.9,54.0
2020-07-14,62.1,73.4,54.5
2020-07-15,63.2,73.5,54.3
2020-07-16,60.7,70.4,54.9
2020-07-17,59.3,69.6,55.0
2020-07-18,62.0,77.0,54.8
2020-07-19,70.1,83.1,61.0
2020-07-20,68.5,82.9,60.8
2020-07-21,63.3,73.7,56.4
2020-07-22,66.4,79.5,56.8
2020-07-23,70.6,83.2,58.1
2020-07-24,68.6,82.3,60.0
2020-07-25,62.2,71.6,56.3
2020-07-26,62.0,70.5,56.3
2020-07-27,62.3,70.6,57.5
2020-07-28,62.1,70.0,57.2
2020-07-29,60.5,70.2,56.6
2020-07-30,60.0,69.3,56.3
2020-07-31,64.6,72.2,57.4
2020-08-01,66.4,78.4,57.1
2020-08-02,70.9,82.5,60.8
2020-08-03,71.7,83.1,59.5
2020-08-04,69.4,82.3,59.7
2020-08-05,64.9,81.3,58.2
2020-08-06,60.0,66.1,57.4
2020-08-07,57.8,62.1,55.7
2020-08-08,60.1,67.0,57.3
2020-08-09,62.6,69.2,56.5
2020-08-10,63.8,78.1,54.0
2020-08-11,68.1,89.6,57.4
2020-08-12,73.5,90.5,62.7
2020-08-13,70.6,78.3,64.1
2020-08-14,66.5,75.8,59.8
2020-08-15,67.7,82.0,58.0
2020-08-16,71.4,81.7,63.5
2020-08-17,66.6,80.5,60.6
2020-08-18,64.0,79.5,58.6
2020-08-19,66.5,80.5,57.5
2020-08-20,67.4,77.1,61.8
2020-08-21,64.5,71.2,60.3
2020-08-22,63.8,71.5,57.3
2020-08-23,63.6,71.6,58.6
2020-08-24,66.6,78.3,55.9
2020-08-25,68.6,78.3,58.4
2020-08-26,67.9,79.0,56.7
2020-08-27,67.8,77.4,59.8
2020-08-28,66.6,75.2,58.7
2020-08-29,69.4,85.0,58.2
2020-08-30,72.2,84.6,62.6
2020-08-31,71.1,83.0,61.2
2020-09-01,65.1,78.1,57.3
2020-09-02,62.0,68.8,59.8
2020-09-03,61.9,69.2,57.1
2020-09-04,68.3,79.9,60.8
2020-09-05,66.0,78.8,58.3
2020-09-06,63.7,73.8,58.1
2020-09-07,62.9,70.2,57.9
2020-09-08,59.8,69.7,56.1
2020-09-09,58.7,63.0,57.0
2020-09-10,58.2,63.2,56.5
2020-09-11,58.9,68.0,56.3
2020-09-12,61.1,68.4,57.0
2020-09-13,61.1,70.0,53.7
2020-09-14,61.3,69.7,55.0
2020-09-15,62.5,70.8,56.6
2020-09-16,64.9,79.0,55.9
2020-09-17,66.5,78.9,55.2
2020-09-18,64.9,74.9,53.4
2020-09-19,61.0,72.9,55.5
2020-09-20,58.5,65.2,55.4
2020-09-21,57.3,65.6,52.7
2020-09-22,56.3,64.5,53.2
2020-09-23,57.0,63.3,54.1
2020-09-24,56.1,70.4,50.3
2020-09-25,59.1,73.2,51.9
2020-09-26,62.2,74.2,55.5
2020-09-27,61.7,77.2,54.9
2020-09-28,62.2,77.6,55.0
2020-09-29,56.9,63.8,54.5
2020-09-30,60.4,66.5,57.9
2020-10-01,63.8,69.0,61.3
2020-10-02,62.1,69.0,59.5
2020-10-03,62.8,71.2,56.5
2020-10-04,62.1,70.7,55.4
2020-10-05,60.8,69.5,54.6
2020-10-06,58.9,67.6,56.3
2020-10-07,57.5,64.7,55.3
2020-10-08,58.1,65.5,53.4
2020-10-09,63.3,66.2,59.6
2020-10-10,63.2,65.9,60.5
2020-10-11,60.9,66.1,56.8
2020-10-12,60.7,66.6,56.1
2020-10-13,64.8,67.1,63.2
2020-10-14,61.6,70.4,56.1
2020-10-15,60.7,70.5,52.6
2020-10-16,62.3,73.1,53.6
2020-10-17,63.5,72.8,56.7
2020-10-18,60.7,70.9,52.1
2020-10-19,57.9,70.7,48.7
2020-10-20,53.7,64.7,47.1
2020-10-21,53.4,61.4,48.5
2020-10-22,56.0,61.9,52.7
2020-10-23,53.0,56.5,51.3
2020-10-24,52.3,59.2,49.4
2020-10-25,55.8,62.3,50.4
2020-10-26,55.7,62.1,53.6
2020-10-27,54.8,59.3,52.8
2020-10-28,55.8,68.9,51.5
2020-10-29,64.8,81.3,53.9
2020-10-30,66.7,81.1,58.4
2020-10-31,60.9,75.4,49.9
2020-11-01,59.7,74.9,48.0
2020-11-02,56.3,73.3,49.3
2020-11-03,52.7,62.3,48.2
2020-11-04,54.7,60.6,50.6
2020-11-05,57.5,70.4,49.4
2020-11-06,62.0,75.0,52.9
2020-11-07,62.2,75.4,51.5
2020-11-08,58.6,75.2,49.2
2020-11-09,52.6,62.7,45.7
2020-11-10,55.8,70.3,46.4
2020-11-11,60.7,75.3,50.4
2020-11-12,61.9,75.3,51.8
2020-11-13,60.9,74.3,50.1
2020-11-14,60.7,74.1,50.5
2020-11-15,62.9,76.8,53.6
2020-11-16,64.0,76.9,53.8
2020-11-17,61.3,75.7,52.4
2020-11-18,59.0,71.2,49.1
2020-11-19,58.8,67.8,53.6
2020-11-20,56.7,67.8,50.8
2020-11-21,59.0,74.9,49.1
2020-11-22,56.7,75.1,50.4
2020-11-23,52.4,61.1,48.2
2020-11-24,51.6,54.7,49.1
2020-11-25,55.6,59.0,53.3
2020-11-26,53.0,59.3,48.4
2020-11-27,51.4,61.7,44.5
2020-11-28,51.9,63.0,43.6
2020-11-29,51.3,63.1,41.4
2020-11-30,49.6,56.8,43.2
2020-12-01,44.7,52.3,38.6
2020-12-02,45.2,52.9,38.8
2020-12-03,43.3,53.0,35.0
2020-12-04,53.0,57.3,48.8
2020-12-05,43.9,50.8,38.6
2020-12-06,45.9,51.2,40.5
2020-12-07,45.7,54.8,37.7
2020-12-08,46.5,55.0,39.8
2020-12-09,47.7,56.6,42.5
2020-12-10,48.6,58.0,42.9
2020-12-11,50.9,58.9,45.1
2020-12-12,55.1,57.4,52.8
2020-12-13,52.1,57.2,48.4
2020-12-14,48.0,54.5,43.0
2020-12-15,47.3,56.6,39.7
2020-12-16,47.5,56.8,40.5
2020-12-17,51.5,54.0,47.1
2020-12-18,45.3,51.6,39.8
2020-12-19,41.7,46.9,37.6
2020-12-20,42.8,50.6,38.0
2020-12-21,40.1,50.7,31.6
2020-12-22,42.8,51.0,34.8
2020-12-23,50.8,55.7,44.4
2020-12-24,44.6,52.5,39.7
2020-12-25,37.9,44.3,32.3
2020-12-26,32.6,41.2,26.5
2020-12-27,36.6,45.8,30.6
2020-12-28,45.9,48.3,43.2
2020-12-29,44.9,48.5,42.0
2020-12-30,34.6,46.6,29.5
2020-12-31,33.0,36.5,28.3
2021-01-01,34.7,44.0,27.6
2021-01-02,35.5,45.4,28.1
2021-01-03,36.9,46.7,29.7
2021-01-04,42.9,48.6,36.4
2021-01-05,37.4,47.8,32.3
2021-01-06,49.4,54.5,40.2
2021-01-07,38.0,50.0,31.1
2021-01-08,36.6,45.5,28.2
2021-01-09,46.6,54.6,38.5
2021-01-10,41.3,53.1,35.5
2021-01-11,49.8,55.9,42.5
2021-01-12,55.2,56.6,53.1
2021-01-13,47.4,55.1,38.9
2021-01-14,52.0,56.6,47.9
2021-01-15,47.7,56.8,41.5
2021-01-16,49.6,55.1,44.4
2021-01-17,50.6,60.2,46.6
2021-01-18,50.8,60.9,46.1
2021-01-19,49.3,57.1,44.6
2021-01-20,46.0,52.9,40.8
2021-01-21,42.8,53.1,34.7
2021-01-22,44.2,54.7,36.7
2021-01-23,49.3,55.8,41.8
2021-01-24,52.2,59.2,47.5
2021-01-25,52.3,59.0,46.7
2021-01-26,48.5,58.6,41.9
2021-01-27,49.9,59.1,42.4
2021-01-28,49.4,59.1,42.4
2021-01-29,49.3,57.7,43.4
2021-01-30,52.2,63.1,47.0
2021-01-31,49.0,63.8,42.8
2021-02-01,51.3,57.2,49.2
2021-02-02,53.1,67.1,44.6
2021-02-03,48.4,66.6,38.5
2021-02-04,45.9,58.1,36.3
2021-02-05,48.1,61.0,39.8
2021-02-06,53.5,69.2,42.4
2021-02-07,56.8,69.1,47.1
2021-02-08,56.8,67.3,47.8
2021-02-09,54.1,65.9,45.9
2021-02-10,52.6,61.8,45.2
2021-02-11,56.5,59.7,53.4
2021-02-12,55.9,59.6,53.6
2021-02-13,57.9,62.1,56.5
2021-02-14,56.5,62.1,53.5
2021-02-15,54.7,59.1,52.1
2021-02-16,53.3,63.0,46.7
2021-02-17,55.0,63.6,47.6
2021-02-18,53.7,63.4,44.6
2021-02-19,55.4,61.8,50.4
2021-02-20,55.0,62.5,50.8
2021-02-21,53.8,62.8,50.9
2021-02-22,54.9,66.7,50.3
2021-02-23,57.3,70.1,47.9
2021-02-24,59.0,70.2,50.7
2021-02-25,57.4,68.5,47.4
2021-02-26,50.7,64.4,44.5
2021-02-27,54.6,61.8,52.1
2021-02-28,51.2,62.1,42.3
2021-03-01,56.7,72.1,45.7
2021-03-02,54.8,71.5,49.5
2021-03-03,50.3,59.0,44.5
2021-03-04,50.0,59.5,44.3
2021-03-05,48.7,59.6,39.6
2021-03-06,51.8,66.3,44.9
2021-03-07,51.7,66.2,41.1
2021-03-08,54.6,64.6,45.9
2021-03-09,49.1,58.7,42.3
2021-03-10,49.7,58.6,43.5
2021-03-11,49.5,58.7,43.1
2021-03-12,50.1,58.8,44.9
2021-03-13,50.4,55.9,46.8
2021-03-14,50.0,52.9,47.4
2021-03-15,47.1,52.6,43.2
2021-03-16,44.7,51.9,40.4
2021-03-17,46.2,56.0,39.5
2021-03-18,46.3,55.9,38.9
2021-03-19,45.4,50.7,41.7
2021-03-20,46.9,57.1,39.8
2021-03-21,50.1,57.0,43.5
2021-03-22,49.7,54.3,47.8
2021-03-23,49.2,55.9,46.8
2021-03-24,52.2,61.7,43.1
2021-03-25,53.7,64.2,44.6
2021-03-26,52.6,63.4,46.7
2021-03-27,51.1,61.0,44.8
2021-03-28,51.5,63.7,41.7
2021-03-29,52.3,62.4,45.2
2021-03-30,51.9,56.9,48.8
2021-03-31,54.2,58.8,52.4
2021-04-01,51.8,58.8,48.4
2021-04-02,49.7,57.7,45.0
2021-04-03,48.6,55.2,41.9
2021-04-04,52.1,59.1,46.3
2021-04-05,55.0,57.5,54.2
2021-04-06,52.6,55.0,51.3
2021-04-07,52.0,59.6,46.8
2021-04-08,52.5,59.1,47.3
2021-04-09,53.2,63.6,47.0
2021-04-10,53.1,63.6,48.1
2021-04-11,51.7,57.0,48.5
2021-04-12,52.6,57.6,47.1
2021-04-13,52.3,58.4,48.0
2021-04-14,50.9,58.1,44.0
2021-04-15,51.6,58.9,45.0
2021-04-16,55.5,57.3,54.4
2021-04-17,52.9,58.7,48.4
2021-04-18,51.1,58.3,46.8
2021-04-19,51.1,59.6,45.6
2021-04-20,52.8,59.4,46.9
2021-04-21,53.4,59.8,50.7
2021-04-22,51.5,59.8,45.9
2021-04-23,52.6,63.4,45.3
2021-04-24,57.1,67.7,47.5
2021-04-25,56.5,63.2,49.7
2021-04-26,52.7,61.5,46.4
2021-04-27,53.3,58.1,51.0
2021-04-28,53.0,59.5,48.4
2021-04-29,52.2,59.6,42.9
2021-04-30,53.4,63.6,44.0
2021-05-01,56.3,64.5,47.2
2021-05-02,56.0,63.5,48.9
2021-05-03,53.8,63.0,49.3
2021-05-04,52.6,58.7,46.0
2021-05-05,51.3,58.4,42.8
2021-05-06,51.0,57.1,43.9
2021-05-07,51.7,58.7,45.4
2021-05-08,51.7,59.3,43.2
2021-05-09,52.4,60.7,44.3
2021-05-10,54.3,61.3,48.5
2021-05-11,53.7,61.6,44.9
2021-05-12,53.8,62.9,48.0
2021-05-13,57.8,73.9,46.6
2021-05-14,60.6,73.4,46.3
2021-05-15,57.7,69.2,47.1
2021-05-16,53.6,66.0,50.0
2021-05-17,50.0,56.3,47.2
2021-05-18,53.4,63.8,49.2
2021-05-19,52.9,64.3,48.4
2021-05-20,54.0,63.0,49.6
2021-05-21,56.1,63.1,51.3
2021-05-22,64.8,88.2,54.6
2021-05-23,79.2,93.6,68.2
2021-05-24,70.5,92.7,54.8
2021-05-25,70.5,80.9,61.0
2021-05-26,67.3,78.4,58.8
2021-05-27,60.9,72.8,52.4
2021-05-28,63.8,75.7,52.0
2021-05-29,63.4,74.4,54.4
2021-05-30,61.4,74.2,54.6
2021-05-31,59.0,72.0,48.4
2021-06-01,63.6,71.5,57.7
2021-06-02,59.3,68.3,50.3
2021-06-03,58.9,69.4,52.2
2021-06-04,65.3,76.5,55.9
2021-06-05,66.3,75.5,57.3
2021-06-06,65.0,75.2,59.4
2021-06-07,64.2,75.2,53.1
2021-06-08,64.2,73.7,53.7
2021-06-09,64.3,72.9,56.2
2021-06-10,61.7,72.0,54.8
2021-06-11,59.2,67.3,54.6
2021-06-12,56.4,61.5,53.5
2021-06-13,55.0,60.9,51.9
2021-06-14,56.7,63.7,53.0
2021-06-15,56.3,63.9,52.9
2021-06-16,59.0,67.3,54.1
2021-06-17,57.7,67.0,52.7
2021-06-18,54.6,61.3,52.0
2021-06-19,59.8,75.6,50.4
2021-06-20,67.0,75.5,61.0
2021-06-21,65.3,73.6,57.6
2021-06-22,68.6,75.4,60.8
2021-06-23,66.7,78.7,56.0
2021-06-24,70.2,83.6,57.4
2021-06-25,66.9,78.3,57.4
2021-06-26,68.0,80.8,56.6
2021-06-27,68.2,78.4,60.4
2021-06-28,60.6,73.8,54.5
2021-06-29,58.8,65.7,54.6
2021-06-30,58.0,64.5,53.6
2021-07-01,56.9,62.0,53.5
2021-07-02,58.3,68.3,51.7
2021-07-03,59.7,73.7,53.4
2021-07-04,67.4,80.2,55.9
2021-07-05,65.6,79.6,59.1
2021-07-06,59.8,68.7,55.4
2021-07-07,58.1,65.1,52.9
2021-07-08,59.1,65.8,53.4
2021-07-09,58.5,65.8,54.5
2021-07-10,62.8,80.3,52.7
2021-07-11,68.7,80.2,58.8
2021-07-12,69.3,82.2,58.6
2021-07-13,69.6,81.8,60.0
2021-07-14,64.9,73.7,58.4
2021-07-15,59.7,66.2,57.2
2021-07-16,57.9,62.4,55.8
2021-07-17,57.5,62.9,54.3
2021-07-18,57.7,63.0,55.1
2021-07-19,56.9,61.0,54.4
2021-07-20,57.3,61.9,54.1
2021-07-21,57.2,62.3,54.2
2021-07-22,56.7,62.5,53.3
2021-07-23,59.8,68.0,53.4
2021-07-24,65.3,83.3,55.0
2021-07-25,76.0,94.7,58.6
2021-07-26,73.2,92.8,67.1
2021-07-27,64.8,71.4,58.1
2021-07-28,63.0,70.0,57.5
2021-07-29,64.5,72.6,57.6
2021-07-30,65.6,72.2,60.7
2021-07-31,58.3,66.4,55.2
2021-08-01,57.6,61.9,55.1
2021-08-02,61.3,71.0,55.7
2021-08-03,69.3,83.0,59.0
2021-08-04,71.4,83.7,59.6
2021-08-05,66.4,82.4,59.4
2021-08-06,61.2,68.1,58.2
2021-08-07,60.5,66.8,56.8
2021-08-08,58.3,65.0,55.1
2021-08-09,55.2,61.9,51.3
2021-08-10,60.0,70.0,54.3
2021-08-11,61.7,69.8,58.0
2021-08-12,57.1,62.4,54.8
2021-08-13,57.7,63.0,53.4
2021-08-14,60.7,70.5,55.1
2021-08-15,63.0,74.8,56.0
2021-08-16,64.9,75.0,56.0
2021-08-17,63.5,74.0,57.5
2021-08-18,66.4,75.0,59.1
2021-08-19,64.2,74.8,57.7
2021-08-20,69.5,82.2,61.0
2021-08-21,70.5,82.1,61.4
2021-08-22,73.0,82.2,64.4
2021-08-23,67.2,76.1,61.3
2021-08-24,62.1,73.9,56.6
2021-08-25,60.8,67.9,56.5
2021-08-26,60.8,71.4,55.9
2021-08-27,64.1,73.8,56.3
2021-08-28,65.7,76.4,58.8
2021-08-29,65.4,76.5,59.9
2021-08-30,63.3,71.1,57.2
2021-08-31,60.7,68.6,56.8
2021-09-01,59.9,65.0,57.6
2021-09-02,58.4,68.3,52.5
2021-09-03,58.4,69.6,51.2
2021-09-04,59.9,69.9,52.8
2021-09-05,61.7,73.5,53.0
2021-09-06,65.1,77.4,53.3
2021-09-07,60.5,74.6,56.1
2021-09-08,57.8,62.6,55.3
2021-09-09,59.2,64.2,55.7
2021-09-10,58.5,68.8,54.2
2021-09-11,62.9,69.4,56.2
2021-09-12,61.2,67.5,57.9
2021-09-13,60.7,72.2,54.4
2021-09-14,61.9,72.5,56.1
2021-09-15,57.4,62.4,54.8
2021-09-16,58.6,65.0,53.8
2021-09-17,60.1,68.5,52.2
2021-09-18,62.9,80.6,51.5
2021-09-19,74.0,87.4,63.4
2021-09-20,74.5,86.6,60.6
2021-09-21,77.1,89.7,66.2
2021-09-22,77.7,92.5,66.8
2021-09-23,79.0,92.5,66.9
2021-09-24,71.2,84.7,61.7
2021-09-25,66.9,76.1,56.6
2021-09-26,64.0,75.5,54.7
2021-09-27,64.8,75.9,55.3
2021-09-28,66.0,79.4,55.9
2021-09-29,62.9,78.9,56.5
2021-09-30,59.0,63.9,56.9
2021-10-01,60.0,62.6,58.5
2021-10-02,58.2,64.6,52.6
2021-10-03,58.5,67.9,49.5
2021-10-04,60.2,70.7,49.4
2021-10-05,61.0,70.3,54.0
2021-10-06,64.5,79.5,55.4
2021-10-07,75.5,90.7,67.4
2021-10-08,75.7,91.0,64.4
2021-10-09,68.0,79.9,55.3
2021-10-10,65.7,78.0,56.9
2021-10-11,61.3,76.4,49.2
2021-10-12,62.4,77.4,50.0
2021-10-13,61.0,77.4,54.0
2021-10-14,56.1,61.9,53.7
2021-10-15,53.8,68.1,49.0
2021-10-16,56.8,70.2,45.7
2021-10-17,58.2,70.4,48.3
2021-10-18,55.4,65.5,49.0
2021-10-19,58.0,68.8,50.1
2021-10-20,56.5,71.1,44.7
2021-10-21,57.4,72.7,48.4
2021-10-22,61.4,74.5,49.0
2021-10-23,58.1,74.1,51.4
2021-10-24,56.8,65.4,47.3
2021-10-25,57.9,65.0,52.2
2021-10-26,56.6,69.3,49.5
2021-10-27,57.9,69.6,48.4
2021-10-28,63.4,80.2,52.7
2021-10-29,66.9,80.3,58.6
2021-10-30,59.2,67.7,52.0
2021-10-31,61.2,71.8,54.2
2021-11-01,56.6,71.7,47.7
2021-11-02,53.8,64.3,45.5
2021-11-03,54.2,64.7,45.1
2021-11-04,54.3,65.3,47.5
2021-11-05,57.4,66.1,48.7
2021-11-06,56.9,66.3,50.2
2021-11-07,58.8,66.6,52.8
2021-11-08,58.4,72.5,49.2
2021-11-09,62.4,74.1,53.7
2021-11-10,55.3,73.6,45.6
2021-11-11,55.0,65.2,45.3
2021-11-12,54.1,64.7,43.0
2021-11-13,48.7,63.3,41.3
2021-11-14,51.4,61.1,45.4
2021-11-15,51.4,62.9,43.0
2021-11-16,53.2,63.4,46.7
2021-11-17,55.4,59.5,52.6
2021-11-18,55.1,66.0,48.9
2021-11-19,54.1,65.9,44.0
2021-11-20,53.7,67.4,46.9
2021-11-21,54.9,68.1,43.6
2021-11-22,58.5,71.7,48.4
2021-11-23,59.3,71.6,49.4
2021-11-24,58.4,70.9,48.7
2021-11-25,57.6,71.4,47.8
2021-11-26,57.1,71.7,50.5
2021-11-27,55.2,65.9,47.1
2021-11-28,53.8,65.6,45.0
2021-11-29,53.7,60.3,49.7
2021-11-30,50.2,58.3,44.2
2021-12-01,48.4,58.4,41.0
2021-12-02,49.6,61.4,41.1
2021-12-03,53.4,66.7,43.3
2021-12-04,53.8,66.5,45.0
2021-12-05,56.4,69.7,47.9
2021-12-06,54.3,69.5,43.5
2021-12-07,53.5,66.8,43.6
2021-12-08,51.5,66.8,40.9
2021-12-09,51.4,65.7,46.5
2021-12-10,49.1,56.9,46.8
2021-12-11,49.1,59.0,42.2
2021-12-12,49.9,65.5,39.4
2021-12-13,55.2,66.4,45.8
2021-12-14,53.6,66.2,44.3
2021-12-15,53.2,66.2,44.8
2021-12-16,49.7,66.1,38.6
2021-12-17,49.4,60.3,42.9
2021-12-18,50.2,61.3,43.4
2021-12-19,51.3,62.1,45.0
2021-12-20,52.4,64.3,42.9
2021-12-21,50.6,64.2,40.1
2021-12-22,49.4,62.2,42.2
2021-12-23,42.3,57.4,32.3
2021-12-24,44.2,49.2,38.1
2021-12-25,36.8,47.9,30.5
2021-12-26,31.3,36.5,26.0
2021-12-27,31.2,41.0,24.1
2021-12-28,33.6,43.6,25.3
2021-12-29,38.2,44.1,32.6
2021-12-30,36.6,44.8,30.7
2021-12-31,37.0,45.1,28.7
2022-01-01,44.9,55.0,38.1
2022-01-02,58.8,59.6,55.0
2022-01-03,57.0,58.9,55.0
2022-01-04,55.1,61.1,50.4
2022-01-05,48.5,54.2,44.5
2022-01-06,56.4,58.1,54.1
2022-01-07,56.6,57.9,54.5
2022-01-08,53.6,56.5,49.4
2022-01-09,48.7,54.7,43.5
2022-01-10,45.5,52.9,38.6
2022-01-11,45.1,52.7,39.5
2022-01-12,44.2,52.9,37.1
2022-01-13,46.2,53.8,41.0
2022-01-14,49.1,58.6,42.0
2022-01-15,48.8,58.5,41.9
2022-01-16,48.0,56.3,42.6
2022-01-17,47.0,56.6,39.4
2022-01-18,45.6,56.5,37.2
2022-01-19,47.3,56.7,39.5
2022-01-20,53.9,57.2,50.9
2022-01-21,54.4,58.2,52.0
2022-01-22,55.2,58.5,52.4
2022-01-23,55.3,56.8,53.5
2022-01-24,54.4,56.4,52.8
2022-01-25,50.9,60.5,45.6
2022-01-26,47.6,60.8,39.3
2022-01-27,52.7,56.9,49.5
2022-01-28,50.3,57.5,45.1
2022-01-29,51.1,58.0,45.3
2022-01-30,54.5,58.1,51.3
2022-01-31,54.4,58.2,51.4
2022-02-01,52.7,58.3,48.3
2022-02-02,52.0,54.7,49.4
2022-02-03,47.4,52.7,41.2
2022-02-04,48.5,57.9,42.2
2022-02-05,49.2,58.5,42.7
2022-02-06,47.4,58.6,41.2
2022-02-07,47.9,57.1,41.5
2022-02-08,52.7,68.2,44.3
2022-02-09,55.4,68.8,48.3
2022-02-10,53.8,61.5,46.9
2022-02-11,55.1,61.2,51.2
2022-02-12,51.1,65.2,46.0
2022-02-13,55.2,70.0,43.8
2022-02-14,55.6,69.7,45.3
2022-02-15,54.1,63.8,49.8
2022-02-16,50.8,59.7,45.7
2022-02-17,49.4,56.7,42.6
2022-02-18,48.6,57.1,40.8
2022-02-19,46.2,56.8,36.9
2022-02-20,46.3,53.2,39.9
2022-02-21,47.6,52.2,42.6
2022-02-22,53.9,57.0,51.5
2022-02-23,55.6,58.7,54.0
2022-02-24,54.8,58.9,51.8
2022-02-25,57.9,58.6,57.1
2022-02-26,56.2,58.1,55.4
2022-02-27,56.0,60.8,53.6
2022-02-28,52.7,62.5,43.2
2022-03-01,53.8,62.3,46.0
2022-03-02,56.2,63.3,49.7
2022-03-03,57.0,63.9,51.1
2022-03-04,55.8,63.6,51.6
2022-03-05,56.7,65.4,48.9
2022-03-06,54.0,64.9,47.4
2022-03-07,55.2,60.7,50.6
2022-03-08,54.4,65.7,46.6
2022-03-09,55.5,66.5,45.7
2022-03-10,56.0,71.6,44.4
2022-03-11,59.4,73.4,47.6
2022-03-12,60.9,72.7,50.3
2022-03-13,61.9,74.4,50.3
2022-03-14,63.9,78.7,54.0
2022-03-15,57.3,78.1,47.9
2022-03-16,53.7,63.6,48.9
2022-03-17,54.5,64.3,48.0
2022-03-18,52.7,62.3,49.2
2022-03-19,59.3,76.9,49.3
2022-03-20,56.6,76.6,45.3
2022-03-21,54.3,61.3,47.1
2022-03-22,54.3,60.8,52.5
2022-03-23,50.6,53.9,46.4
2022-03-24,49.6,55.7,43.7
2022-03-25,49.4,55.3,43.2
2022-03-26,51.4,63.4,44.4
2022-03-27,49.3,63.2,37.3
2022-03-28,54.9,60.4,52.1
2022-03-29,52.0,60.3,47.6
2022-03-30,57.9,59.3,55.8
2022-03-31,57.6,59.3,55.5
2022-04-01,47.2,54.4,39.2
2022-04-02,48.3,55.8,41.0
2022-04-03,49.4,59.1,41.4
2022-04-04,51.9,65.5,41.7
2022-04-05,54.3,65.1,45.8
2022-04-06,54.7,59.2,52.4
2022-04-07,51.3,58.6,43.8
2022-04-08,51.0,58.4,43.6
2022-04-09,51.4,59.3,43.1
2022-04-10,51.2,60.0,42.9
2022-04-11,51.8,60.4,43.3
2022-04-12,53.9,61.8,45.1
2022-04-13,59.2,79.5,47.2
2022-04-14,57.7,79.1,48.0
2022-04-15,53.4,67.4,47.2
2022-04-16,51.7,56.7,48.8
2022-04-17,51.4,56.5,48.6
2022-04-18,51.5,57.7,45.8
2022-04-19,52.2,59.3,45.0
2022-04-20,51.6,58.6,44.8
2022-04-21,51.3,57.0,45.9
2022-04-22,53.5,58.3,48.9
2022-04-23,51.2,56.3,49.3
2022-04-24,51.3,58.8,47.0
2022-04-25,52.6,59.7,48.0
2022-04-26,52.4,59.7,46.7
2022-04-27,53.0,62.5,45.6
2022-04-28,56.6,73.5,46.7
2022-04-29,56.3,73.1,42.1
2022-04-30,54.2,63.8,46.5
2022-05-01,53.7,63.4,48.7
2022-05-02,54.6,61.7,49.4
2022-05-03,53.0,61.2,45.3
2022-05-04,55.7,69.9,45.9
2022-05-05,59.1,70.9,49.0
2022-05-06,58.8,70.8,46.4
2022-05-07,54.4,64.6,46.0
2022-05-08,55.4,67.5,44.5
2022-05-09,55.2,67.0,46.0
2022-05-10,53.4,59.1,48.1
2022-05-11,53.6,58.0,51.1
2022-05-12,54.2,58.1,50.9
2022-05-13,53.6,62.9,46.3
2022-05-14,59.7,70.6,50.9
2022-05-15,56.6,66.0,49.0
2022-05-16,55.4,62.4,48.6
2022-05-17,56.9,65.4,50.1
2022-05-18,57.4,64.7,49.9
2022-05-19,55.2,63.7,50.9
2022-05-20,57.7,68.5,50.7
2022-05-21,57.8,68.3,50.6
2022-05-22,55.1,64.1,50.8
2022-05-23,55.6,60.1,51.8
2022-05-24,54.4,64.0,45.8
2022-05-25,56.5,63.1,53.4
2022-05-26,58.5,63.0,55.8
2022-05-27,56.6,62.6,54.0
2022-05-28,55.4,61.4,50.9
2022-05-29,56.5,62.0,51.8
2022-05-30,56.1,64.5,49.1
2022-05-31,58.9,65.8,51.0
2022-06-01,59.3,67.8,50.9
2022-06-02,59.4,67.7,51.3
2022-06-03,58.3,67.2,50.7
2022-06-04,59.2,66.9,52.1
2022-06-05,61.3,72.5,53.3
2022-06-06,66.2,79.9,54.5
2022-06-07,61.7,76.0,55.5
2022-06-08,65.8,78.0,56.9
2022-06-09,62.2,77.0,53.2
2022-06-10,58.5,65.4,51.9
2022-06-11,57.7,64.2,54.0
2022-06-12,57.7,62.6,54.9
2022-06-13,57.7,62.7,53.4
2022-06-14,58.1,65.3,52.4
2022-06-15,62.8,67.4,59.1
2022-06-16,60.3,67.0,56.4
2022-06-17,58.8,65.6,54.7
2022-06-18,59.5,63.3,56.0
2022-06-19,57.9,62.7,54.2
2022-06-20,56.4,62.5,53.1
2022-06-21,57.4,63.8,52.7
2022-06-22,64.3,76.2,56.3
2022-06-23,60.5,72.0,54.4
2022-06-24,58.4,68.5,54.2
2022-06-25,63.6,79.5,51.2
2022-06-26,68.8,77.7,61.4
2022-06-27,61.8,72.6,54.5
2022-06-28,65.4,72.4,59.3
2022-06-29,59.9,71.3,54.9
2022-06-30,58.4,63.6,54.3
2022-07-01,58.3,63.5,55.8
2022-07-02,57.3,62.7,54.5
2022-07-03,58.4,66.3,55.2
2022-07-04,58.0,66.5,53.6
2022-07-05,57.0,64.5,52.8
2022-07-06,54.5,62.1,50.1
2022-07-07,57.3,62.6,53.2
2022-07-08,55.2,60.8,52.2
2022-07-09,55.6,63.9,52.7
2022-07-10,58.2,69.1,52.9
2022-07-11,64.4,82.2,51.4
2022-07-12,69.2,82.6,55.5
2022-07-13,70.4,81.9,61.0
2022-07-14,65.8,78.0,57.5
2022-07-15,62.5,72.6,56.2
2022-07-16,68.3,83.8,56.4
2022-07-17,68.8,83.3,58.1
2022-07-18,68.9,83.6,57.6
2022-07-19,68.4,84.5,56.4
2022-07-20,71.5,84.2,62.6
2022-07-21,65.3,79.1,58.1
2022-07-22,61.5,72.3,55.4
2022-07-23,59.9,66.7,54.2
2022-07-24,64.3,82.8,55.2
2022-07-25,74.4,85.0,62.7
2022-07-26,67.1,81.6,59.4
2022-07-27,63.6,70.7,56.3
2022-07-28,61.4,68.2,55.8
2022-07-29,61.2,68.1,54.8
2022-07-30,58.5,65.6,54.2
2022-07-31,59.7,66.4,54.0
2022-08-01,62.0,71.5,54.1
2022-08-02,60.2,70.2,54.0
2022-08-03,62.1,73.3,56.1
2022-08-04,63.7,74.8,56.2
2022-08-05,65.2,75.2,54.6
2022-08-06,63.1,73.8,54.1
2022-08-07,61.8,70.6,53.3
2022-08-08,60.2,69.8,56.5
2022-08-09,59.9,64.6,56.7
2022-08-10,59.7,66.2,56.6
2022-08-11,62.5,68.4,58.1
2022-08-12,62.5,70.2,56.5
2022-08-13,62.1,69.9,55.1
2022-08-14,61.6,70.1,54.4
2022-08-15,61.3,69.7,55.4
2022-08-16,58.7,67.0,55.4
2022-08-17,57.1,62.8,54.3
2022-08-18,61.9,76.6,54.2
2022-08-19,61.3,76.5,55.5
2022-08-20,58.4,68.2,54.4
2022-08-21,60.2,68.8,54.3
2022-08-22,58.5,68.1,55.0
2022-08-23,57.5,61.4,55.4
2022-08-24,59.3,70.5,54.4
2022-08-25,65.8,77.7,55.6
2022-08-26,65.6,77.9,55.4
2022-08-27,64.7,77.8,56.1
2022-08-28,57.6,65.7,53.5
2022-08-29,55.7,63.5,52.2
2022-08-30,57.1,66.6,50.4
2022-08-31,57.9,66.5,50.3
2022-09-01,60.8,73.7,52.0
2022-09-02,62.2,73.2,52.5
2022-09-03,60.1,70.3,54.0
2022-09-04,57.1,67.1,53.0
2022-09-05,60.2,74.4,53.8
2022-09-06,64.1,74.2,54.9
2022-09-07,64.4,73.9,55.2
2022-09-08,65.9,77.2,57.8
2022-09-09,62.3,76.8,58.8
2022-09-10,57.2,63.5,54.6
2022-09-11,59.1,64.7,56.4
2022-09-12,58.2,64.9,55.6
2022-09-13,58.2,69.0,52.7
2022-09-14,60.3,73.5,53.4
2022-09-15,62.5,74.0,55.0
2022-09-16,59.2,68.5,54.8
2022-09-17,60.6,69.4,55.3
2022-09-18,61.1,72.5,52.0
2022-09-19,61.0,72.0,53.3
2022-09-20,60.4,70.0,54.7
2022-09-21,58.7,70.2,54.5
2022-09-22,57.7,67.0,54.4
2022-09-23,60.5,68.6,52.0
2022-09-24,59.7,74.1,53.5
2022-09-25,66.0,75.0,60.5
2022-09-26,64.9,70.8,59.8
2022-09-27,64.5,75.2,56.9
2022-09-28,68.6,84.7,58.9
2022-09-29,66.3,84.3,54.4
2022-09-30,59.6,73.8,52.9
2022-10-01,56.9,62.7,52.6
2022-10-02,54.9,62.6,48.7
2022-10-03,56.7,67.9,48.6
2022-10-04,62.8,77.0,54.3
2022-10-05,64.3,77.1,53.8
2022-10-06,61.1,72.4,50.4
2022-10-07,64.9,74.3,57.5
2022-10-08,61.2,74.3,54.5
2022-10-09,62.6,72.9,55.3
2022-10-10,65.6,78.1,57.1
2022-10-11,70.0,84.0,59.7
2022-10-12,71.8,84.1,60.2
2022-10-13,67.2,80.1,58.3
2022-10-14,60.9,70.3,53.4
2022-10-15,56.3,67.8,51.6
2022-10-16,59.3,75.5,52.6
2022-10-17,63.6,75.7,55.2
2022-10-18,63.6,81.6,52.3
2022-10-19,70.9,85.8,61.0
2022-10-20,66.3,85.4,52.6
2022-10-21,62.4,79.1,53.6
2022-10-22,55.5,63.6,51.7
2022-10-23,55.1,61.2,51.2
2022-10-24,57.4,63.0,51.5
2022-10-25,58.5,66.1,52.1
2022-10-26,56.5,65.9,49.7
2022-10-27,56.8,61.1,52.6
2022-10-28,57.1,64.5,50.7
2022-10-29,59.1,65.6,52.0
2022-10-30,55.7,64.8,51.7
2022-10-31,57.5,63.8,54.9
2022-11-01,56.5,64.0,51.0
2022-11-02,55.2,60.5,51.1
2022-11-03,56.4,69.0,49.5
2022-11-04,57.8,69.3,49.1
2022-11-05,53.3,65.7,45.0
2022-11-06,54.8,66.1,45.7
2022-11-07,54.0,63.7,45.5
2022-11-08,55.0,63.7,50.4
2022-11-09,55.4,63.7,50.9
2022-11-10,56.8,67.1,49.9
2022-11-11,56.1,67.6,45.8
2022-11-12,49.8,64.8,43.5
2022-11-13,50.5,62.0,40.9
2022-11-14,51.8,65.3,44.6
2022-11-15,57.1,71.1,47.0
2022-11-16,59.6,71.3,52.9
2022-11-17,56.6,63.5,50.9
2022-11-18,53.0,63.6,47.4
2022-11-19,52.4,60.0,47.5
2022-11-20,51.1,60.2,44.7
2022-11-21,51.1,63.9,43.5
2022-11-22,54.7,64.6,46.6
2022-11-23,55.7,64.8,50.8
2022-11-24,53.2,63.0,49.9
2022-11-25,51.8,61.4,47.2
2022-11-26,50.0,62.3,43.1
2022-11-27,53.3,57.9,49.0
2022-11-28,53.4,57.4,50.6
2022-11-29,54.2,58.1,50.2
2022-11-30,52.8,58.4,49.8
2022-12-01,52.6,54.8,50.8
2022-12-02,50.9,56.9,48.4
2022-12-03,48.7,57.1,41.4
2022-12-04,53.5,58.5,48.8
2022-12-05,50.6,58.1,46.5
2022-12-06,53.3,58.1,47.6
2022-12-07,55.9,58.2,54.7
2022-12-08,54.6,58.4,52.1
2022-12-09,53.6,65.9,47.2
2022-12-10,56.2,66.3,49.3
2022-12-11,54.4,66.3,46.7
2022-12-12,53.5,59.1,49.2
2022-12-13,52.3,56.8,47.8
2022-12-14,56.6,58.5,54.0
2022-12-15,57.2,58.5,55.0
2022-12-16,55.9,60.2,53.7
2022-12-17,51.8,60.3,45.2
2022-12-18,48.8,59.8,41.3
2022-12-19,48.3,60.0,41.9
2022-12-20,48.1,60.2,40.5
2022-12-21,49.0,60.7,42.0
2022-12-22,47.2,57.2,40.0
2022-12-23,51.1,57.8,45.8
2022-12-24,48.5,57.4,42.5
2022-12-25,49.6,52.4,43.7
2022-12-26,44.2,51.9,37.9
2022-12-27,45.7,52.6,40.0
2022-12-28,47.7,53.8,43.7
2022-12-29,44.4,54.0,37.0
2022-12-30,50.0,56.8,42.9
2022-12-31,55.8,57.3,52.5
2023-01-01,51.8,56.7,47.3
2023-01-02,55.6,58.1,51.4
2023-01-03,56.9,58.3,54.9
2023-01-04,50.8,57.3,44.1
2023-01-05,54.8,56.8,52.0
2023-01-06,54.2,57.3,47.7
2023-01-07,52.5,58.9,47.9
2023-01-08,47.8,59.5,40.2
2023-01-09,49.9,58.4,43.9
2023-01-10,49.8,58.7,44.3
2023-01-11,44.7,55.0,36.6
2023-01-12,51.5,56.4,45.4
2023-01-13,57.1,58.5,55.7
2023-01-14,54.1,58.4,51.2
2023-01-15,46.5,56.0,39.7
2023-01-16,47.7,58.4,38.4
2023-01-17,49.0,58.5,44.5
2023-01-18,50.0,52.7,48.1
2023-01-19,54.3,57.8,52.0
2023-01-20,55.5,57.9,53.3
2023-01-21,50.0,60.0,42.8
2023-01-22,51.6,62.5,44.7
2023-01-23,49.6,62.8,43.1
2023-01-24,50.9,61.5,43.6
2023-01-25,52.4,66.2,43.8
2023-01-26,53.3,66.6,44.8
2023-01-27,55.0,66.3,47.1
2023-01-28,55.0,66.4,46.0
2023-01-29,55.6,67.6,45.3
2023-01-30,54.9,67.4,44.9
2023-01-31,55.7,67.0,46.2
2023-02-01,50.1,66.9,40.7
2023-02-02,49.5,56.0,45.6
2023-02-03,47.8,52.5,44.6
2023-02-04,44.3,52.5,38.3
2023-02-05,46.9,52.4,42.2
2023-02-06,50.7,58.7,45.7
2023-02-07,56.2,59.4,51.6
2023-02-08,56.4,58.5,55.2
2023-02-09,53.2,56.7,51.4
2023-02-10,50.0,53.7,47.2
2023-02-11,50.7,53.6,48.3
2023-02-12,47.9,52.0,44.0
2023-02-13,43.5,51.6,38.4
2023-02-14,52.6,55.6,45.7
2023-02-15,46.2,51.1,43.2
2023-02-16,40.7,48.3,35.7
2023-02-17,47.1,51.6,43.4
2023-02-18,53.8,56.1,52.0
2023-02-19,55.8,65.7,52.8
2023-02-20,58.5,66.9,52.0
2023-02-21,59.8,67.7,53.4
2023-02-22,60.8,67.7,55.4
2023-02-23,58.1,63.9,54.2
2023-02-24,57.0,59.7,55.2
2023-02-25,55.8,56.5,55.2
2023-02-26,54.9,56.6,53.5
2023-02-27,54.8,65.1,48.9
2023-02-28,55.5,68.4,45.6
2023-03-01,57.0,72.6,45.5
2023-03-02,63.2,72.9,56.5
2023-03-03,56.7,68.0,53.8
2023-03-04,52.4,55.0,49.9
2023-03-05,49.5,54.5,43.4
2023-03-06,55.3,56.6,54.2
2023-03-07,54.6,56.3,52.3
2023-03-08,48.7,55.9,40.0
2023-03-09,51.1,58.8,44.7
2023-03-10,52.6,61.0,45.6
2023-03-11,53.1,60.7,46.4
2023-03-12,52.8,61.6,44.2
2023-03-13,51.0,60.8,45.0
2023-03-14,51.0,56.2,47.0
2023-03-15,54.7,71.3,46.1
2023-03-16,60.0,71.5,49.4
2023-03-17,57.3,70.1,46.2
2023-03-18,56.6,68.2,45.1
2023-03-19,57.2,69.9,46.7
2023-03-20,58.5,69.5,49.2
2023-03-21,57.6,74.9,42.6
2023-03-22,55.3,73.2,46.3
2023-03-23,52.1,58.4,45.7
2023-03-24,51.3,58.1,46.1
2023-03-25,52.2,64.0,44.1
2023-03-26,52.2,63.7,44.9
2023-03-27,53.8,65.2,45.1
2023-03-28,53.6,64.7,45.2
2023-03-29,54.2,64.1,48.5
2023-03-30,55.3,62.2,48.3
2023-03-31,51.6,59.0,48.8
2023-04-01,52.1,56.6,48.7
2023-04-02,52.4,58.6,47.0
2023-04-03,53.0,60.2,46.7
2023-04-04,54.1,59.8,48.4
2023-04-05,55.1,57.3,53.5
2023-04-06,55.6,57.8,53.8
2023-04-07,52.8,59.5,45.1
2023-04-08,52.1,59.0,44.8
2023-04-09,51.2,58.4,43.8
2023-04-10,52.9,64.3,45.4
2023-04-11,51.6,63.9,43.2
2023-04-12,50.4,57.6,43.4
2023-04-13,50.0,57.9,43.3
2023-04-14,51.1,57.7,47.1
2023-04-15,50.0,55.3,45.6
2023-04-16,49.9,63.8,40.9
2023-04-17,54.9,63.6,45.7
2023-04-18,52.8,59.8,46.1
2023-04-19,55.1,69.1,46.0
2023-04-20,57.7,68.8,48.7
2023-04-21,56.6,66.0,47.3
2023-04-22,57.7,68.5,48.0
2023-04-23,57.1,67.8,48.8
2023-04-24,55.2,61.7,51.5
2023-04-25,53.9,63.2,45.5
2023-04-26,56.3,67.0,46.8
2023-04-27,59.3,68.9,49.3
2023-04-28,55.7,66.1,51.1
2023-04-29,54.1,60.5,50.5
2023-04-30,56.1,61.4,50.9
2023-05-01,57.5,67.7,48.5
2023-05-02,59.8,68.8,52.2
2023-05-03,59.8,68.5,52.0
2023-05-04,65.4,70.4,58.5
2023-05-05,59.1,67.9,50.2
2023-05-06,59.8,68.0,50.6
2023-05-07,58.0,66.5,52.5
2023-05-08,55.2,60.0,53.0
2023-05-09,55.5,62.3,50.2
2023-05-10,55.0,61.0,50.6
2023-05-11,53.0,61.7,45.7
2023-05-12,55.8,62.6,49.7
2023-05-13,57.3,65.6,50.5
2023-05-14,58.2,67.3,48.7
2023-05-15,60.1,71.3,50.3
2023-05-16,59.9,67.7,53.1
2023-05-17,57.7,67.0,51.9
2023-05-18,57.2,63.8,54.7
2023-05-19,53.2,58.2,50.6
2023-05-20,53.1,59.4,50.8
2023-05-21,55.4,60.0,50.1
2023-05-22,54.4,59.1,50.2
2023-05-23,52.1,58.1,49.7
2023-05-24,52.0,55.5,49.9
2023-05-25,53.2,55.8,52.3
2023-05-26,55.3,62.6,50.1
2023-05-27,54.5,61.6,49.1
2023-05-28,57.1,65.8,50.3
2023-05-29,56.6,65.0,50.8
2023-05-30,55.7,63.4,50.1
2023-05-31,55.0,61.8,47.4
2023-06-01,55.7,64.4,49.4
2023-06-02,54.9,64.1,51.7
2023-06-03,55.4,61.9,52.2
2023-06-04,57.7,70.7,48.5
2023-06-05,60.8,70.5,50.6
2023-06-06,65.3,80.8,55.4
2023-06-07,63.0,80.6,56.5
2023-06-08,57.1,64.0,52.1
2023-06-09,57.4,63.8,53.0
2023-06-10,54.8,61.5,49.0
2023-06-11,54.3,59.2,51.0
2023-06-12,54.1,59.2,51.0
2023-06-13,53.5,57.6,50.2
2023-06-14,52.6,57.1,50.0
2023-06-15,50.7,55.6,47.7
2023-06-16,50.8,56.0,47.7
2023-06-17,52.4,61.3,47.3
2023-06-18,53.5,61.4,48.9
2023-06-19,53.4,58.4,50.4
2023-06-20,54.8,64.9,51.6
2023-06-21,60.0,75.0,50.4
2023-06-22,64.3,75.0,53.8
2023-06-23,57.4,68.4,53.0
2023-06-24,55.7,63.3,52.1
2023-06-25,57.4,64.5,52.5
2023-06-26,58.5,66.9,50.8
2023-06-27,59.4,66.4,52.8
2023-06-28,59.1,67.2,52.8
2023-06-29,60.2,67.5,53.7
2023-06-30,59.1,67.6,53.3
2023-07-01,59.2,69.7,52.8
2023-07-02,62.6,74.6,54.9
2023-07-03,66.1,76.8,54.1
2023-07-04,61.4,73.8,55.7
2023-07-05,58.7,67.0,55.3
2023-07-06,58.6,64.8,55.5
2023-07-07,59.8,65.8,55.7
2023-07-08,58.0,65.9,54.1
2023-07-09,56.5,62.0,53.7
2023-07-10,60.6,72.8,54.1
2023-07-11,66.0,76.8,55.3
2023-07-12,64.8,78.5,56.6
2023-07-13,67.3,78.8,58.7
2023-07-14,64.2,75.5,55.4
2023-07-15,59.3,69.9,52.8
2023-07-16,56.0,61.7,52.4
2023-07-17,56.0,62.7,53.6
2023-07-18,61.3,72.0,54.3
2023-07-19,66.2,75.0,57.6
2023-07-20,63.3,73.9,57.6
2023-07-21,63.2,68.5,58.3
2023-07-22,60.5,67.7,56.8
2023-07-23,58.9,64.9,55.2
2023-07-24,59.0,65.1,55.6
2023-07-25,57.4,64.0,54.8
2023-07-26,56.7,63.2,54.3
2023-07-27,59.6,70.5,55.1
2023-07-28,65.8,78.5,54.4
2023-07-29,63.7,75.1,54.8
2023-07-30,70.9,89.6,55.5
2023-07-31,81.0,91.2,72.0
2023-08-01,75.9,90.0,63.0
2023-08-02,78.6,96.5,63.6
2023-08-03,82.6,96.0,67.7
2023-08-04,74.8,92.3,63.6
2023-08-05,63.8,75.3,54.3
2023-08-06,60.4,69.1,54.3
2023-08-07,64.8,75.5,56.0
2023-08-08,66.8,76.1,57.8
2023-08-09,62.8,75.0,58.1
2023-08-10,68.7,81.6,59.4
2023-08-11,72.0,85.3,59.3
2023-08-12,71.0,84.7,60.5
2023-08-13,72.8,83.6,61.9
2023-08-14,68.8,81.6,59.8
2023-08-15,65.5,76.6,57.0
2023-08-16,61.4,66.5,56.7
2023-08-17,58.4,64.7,55.5
2023-08-18,57.5,63.4,54.3
2023-08-19,60.4,72.0,53.9
2023-08-20,64.7,75.5,57.2
2023-08-21,70.3,84.2,59.0
2023-08-22,71.1,82.0,60.1
2023-08-23,70.5,82.5,59.1
2023-08-24,70.4,80.7,63.1
2023-08-25,65.1,77.2,57.7
2023-08-26,69.3,77.6,60.1
2023-08-27,67.1,77.9,57.4
2023-08-28,64.7,75.3,59.4
2023-08-29,65.8,74.2,59.8
2023-08-30,63.3,73.8,57.6
2023-08-31,60.0,69.5,56.7
2023-09-01,59.9,71.5,54.6
2023-09-02,64.8,75.7,54.8
2023-09-03,60.5,73.4,54.1
2023-09-04,62.7,73.3,53.6
2023-09-05,59.3,71.5,54.1
2023-09-06,57.8,66.1,54.4
2023-09-07,59.0,69.2,52.1
2023-09-08,67.7,81.0,57.8
2023-09-09,70.4,79.5,61.4
2023-09-10,69.2,78.8,65.0
2023-09-11,59.5,67.1,56.3
2023-09-12,57.7,62.9,54.8
2023-09-13,60.6,70.7,55.4
2023-09-14,61.6,70.8,55.2
2023-09-15,63.9,81.7,54.1
2023-09-16,77.7,93.7,68.9
2023-09-17,81.8,96.6,71.0
2023-09-18,77.6,96.1,62.2
2023-09-19,72.7,92.4,60.7
2023-09-20,73.7,89.2,58.5
2023-09-21,69.9,85.1,57.4
2023-09-22,64.6,76.3,54.5
2023-09-23,57.9,70.8,49.5
2023-09-24,58.8,71.0,50.5
2023-09-25,57.3,65.9,52.5
2023-09-26,61.1,70.0,53.9
2023-09-27,61.9,70.5,55.7
2023-09-28,64.7,83.8,54.5
2023-09-29,71.9,89.8,57.5
2023-09-30,74.5,95.0,58.7
